id,domain,status,purchase_price,renewal_price,attractiveness,demand,length,registrar,created_at,expires_at,status_verified_at
af7968b0-13f3-4a11-9263-ce90f9bbc201,conceived.melbourne,available,58,58,medium,low,9,namesilo,,,28/09/2026 22:54
6d782068-b34c-489b-829f-662461ca1566,marshy.melbourne,available,44.98,53.98,medium,low,6,namecheap,,,10/08/2026 17:03
7426596c-8b8b-47ff-842c-135c08e32d69,runner.melbourne,available,44.98,53.98,high,low,6,namecheap,,,21/09/2026 22:22
096393c4-517e-440d-93ab-a775ad72b1c1,hardly.melbourne,available,42.6,42.6,high,low,6,dynadot,,,27/09/2026 18:23
c4f2a496-fbf8-4929-83c3-448d40084153,starred.melbourne,available,44.98,53.98,medium,low,7,namecheap,,,07/08/2026 08:52
020e5222-2196-4575-87db-7fc568d4b493,rachael.melbourne,available,58,58,medium,low,7,namesilo,,,30/09/2026 04:45
4e51be6c-8f0d-4a96-9967-d3e9f7d7f87a,highlighted.melbourne,available,58,58,medium,low,11,namesilo,,,02/10/2026 03:33
fe8cc474-9063-4069-8cdb-b1e342b1bc1b,darn.melbourne,available,84.99,84.99,high,low,4,name.com,,,13/08/2026 16:10
df54007e-f62c-403e-b2a6-1337bd90dd78,cutaneal.melbourne,available,84.99,84.99,medium,low,8,name.com,,,13/08/2026 12:57
88419ef1-7e1d-434e-90c4-8e83ca4e3ff4,francine.melbourne,available,58,58,high,low,8,namesilo,,,30/09/2026 13:27
00497a2f-1e76-423f-903b-36a825887c73,slovene.melbourne,available,44.98,53.98,high,low,7,namecheap,,,28/09/2026 20:30
356d9b85-6b4c-4e7b-881f-0630c2d11c7f,hornless.melbourne,available,44.98,53.98,medium,low,8,namecheap,,,21/08/2026 14:06
40098e82-9da5-4fe1-b5e0-5e968daa19b5,bpi.melbourne,premium,183.76,183.76,high,low,3,namecheap,,,23/09/2026 22:46
0c27705e-d211-45aa-a148-eaa3cb5c2b33,uncivil.melbourne,available,44.98,53.98,medium,low,7,namecheap,,,12/09/2026 05:12
92996da6-44a9-4721-8580-db193f81e8fa,donovan.melbourne,available,58,58,high,low,7,namesilo,,,28/09/2026 16:02
d1ae9e81-53fd-4b41-953f-42191918239a,anarchism.melbourne,available,58,58,medium,low,9,namesilo,,,19/09/2026 02:24
4629e59d-19c3-4421-88de-772940acb212,justification.melbourne,available,53.98,,medium,low,13,namecheap,,,
aff2d6b7-70e7-4c04-9694-a8611a98a490,plummy.melbourne,available,44.98,53.98,medium,low,6,namecheap,,,08/09/2026 21:51
a353d49b-4b1a-45f8-8938-2f5775935204,scott.melbourne,available,58,58,high,medium,5,namesilo,,,25/09/2026 05:00
9a9aa0be-831b-4503-ac26-7072ac3ab7ad,ftp.melbourne,premium,91.07,91.07,high,low,3,namecheap,,,30/09/2026 01:37
1f47425f-5b4a-4cef-8b13-c985afda6c35,typically.melbourne,available,40.12,40.12,medium,low,9,porkbun,,,28/09/2026 17:10
1cfcbc70-12e3-4b54-a150-dff5a999b139,governable.melbourne,available,44.98,53.98,medium,low,10,namecheap,,,12/08/2026 23:44
a270258f-fee6-443a-bbf3-898a70e3800d,telescoped.melbourne,available,44.98,53.98,medium,low,10,namecheap,,,11/09/2026 10:22
67a3c984-13d8-457b-b83c-b44172e3efd6,frictional.melbourne,available,44.98,53.98,medium,low,10,namecheap,,,18/08/2026 15:28
98bcebd3-36d1-40b0-80da-a31dd37db0c7,lucubrate.melbourne,available,44.98,53.98,medium,low,9,namecheap,,,15/08/2026 23:00
2dab97e3-d98c-45aa-abe9-bff65853e217,bigamist.melbourne,available,44.98,53.98,medium,low,8,namecheap,,,23/09/2026 15:02
e083bcaf-8e6a-4f8d-b728-d29ffc2883eb,dominated.melbourne,available,44.98,53.98,medium,low,9,namecheap,,,24/09/2026 11:35
9db940ab-a499-4c4a-8b03-059e188e63b4,territories.melbourne,available,58,58,medium,low,11,namesilo,,,30/09/2026 05:50
35c20d76-6ff3-44db-8d6f-da3809b93133,leafed.melbourne,available,44.98,53.98,medium,low,6,namecheap,,,22/08/2026 21:52
cf00984e-d462-4eba-80cb-e61913e55496,castrate.melbourne,available,44.98,53.98,medium,low,8,namecheap,,,16/08/2026 07:07
c01e0287-6dc6-4ffb-9961-0d3ffe112009,chanting.melbourne,available,58,58,high,low,8,namesilo,,,28/09/2026 18:40
55397331-85de-4620-9cfe-1b2cd8403a43,riotous.melbourne,available,84.99,84.99,medium,low,7,name.com,,,13/08/2026 20:26
fc124f86-9b81-4397-bcd5-b4fc8f21b6a4,asanga.melbourne,available,44.98,53.98,medium,low,6,namecheap,,,20/09/2026 12:49
4733251d-a2b8-4dfd-a5ff-4ce066fbbf7e,tenanted.melbourne,available,44.98,53.98,medium,low,8,namecheap,,,11/09/2026 11:09
2b32749a-5325-419d-b0f8-9810cce5a4a9,intrusion.melbourne,available,40.12,40.12,medium,low,9,porkbun,,,29/09/2026 00:48
d7e70525-dd0c-41c7-bac2-1abedd2228ee,humiliation.melbourne,available,58,58,medium,low,11,namesilo,,,28/09/2026 12:26
65fbfc1a-f7bb-4b3f-a586-5c547ba57341,lord.melbourne,available,58,58,high,low,4,namesilo,,,22/09/2026 01:47
3006740c-011b-44d2-861c-7a81fc78fa72,ebullient.melbourne,available,44.98,53.98,high,low,9,namecheap,,,14/08/2026 23:20
f4a12a00-ab59-4706-b9d9-875f6bc78e5d,buzzed.melbourne,available,58,58,high,low,6,namesilo,,,01/10/2026 23:21
7eaca8bb-ccde-42e4-a7e9-f7dd94f04d1b,aro.melbourne,premium,182.12,182.12,high,low,3,namecheap,,,30/09/2026 03:42
8617077a-9fab-47a9-bffb-45473d0dcee7,pedestal.melbourne,available,58,58,high,low,8,namesilo,,,29/09/2026 12:23
13432965-2fce-46be-9c35-c9fff5430dd8,mead.melbourne,available,58,58,high,low,4,namesilo,,,30/09/2026 17:28
3c753cee-5eb2-4ffc-accf-e90b77d32433,scores.melbourne,premium,58,58,high,low,6,namesilo,,,14/09/2026 23:23
41f5329c-e068-4718-8bbf-55448e95bbfa,elected.melbourne,available,44.98,53.98,high,low,7,namecheap,,,16/08/2026 02:35
f2259813-7180-4535-a92a-1c6222bb5b0b,negotiating.melbourne,available,42.32,42.32,medium,low,11,dynadot,,,29/09/2026 00:06
9427d018-f702-4394-ba8a-761b8c626702,blank.melbourne,available,58,58,high,medium,5,namesilo,,,22/09/2026 21:48
9257801e-c022-4171-a9e9-7fd2bb27d904,pubescent.melbourne,available,44.98,53.98,medium,low,9,namecheap,,,09/09/2026 05:15
96f00011-5bd3-44cb-803e-b681abfd0b77,devotes.melbourne,available,58,58,medium,low,7,namesilo,,,20/09/2026 02:04
4e3173cd-24ea-42d9-925b-d8d242772fb0,smoker.melbourne,available,58,58,medium,low,6,namesilo,,,30/09/2026 02:54
c658dc1e-f0a1-4f69-984d-5e54b3b7ff70,aegina.melbourne,available,58,58,medium,low,6,namesilo,,,17/09/2026 12:15
f5b4dd0a-0d03-46c5-9eb2-b1682553cedc,stria.melbourne,available,44.98,53.98,medium,low,5,namecheap,,,22/09/2026 01:18
1e3f16a1-c081-4002-8d6e-4c766d88cf99,leisurely.melbourne,available,44.98,53.98,high,low,9,namecheap,,,14/08/2026 23:02
8c5169c4-69e4-4b87-b877-fd552f11e010,way.melbourne,premium,91.39,91.39,high,low,3,namecheap,,,27/09/2026 15:08
8b6f5f3b-8136-4bda-929d-7faed49f7ef2,zombie.melbourne,available,58,58,high,low,6,namesilo,,,21/09/2026 07:05
0d5d89d7-8c89-48ae-a42a-2f8d338acc5c,undertaking.melbourne,available,44.98,53.98,high,low,11,namecheap,,,29/09/2026 21:13
290b666f-176e-4e6e-80ad-21dd6977d0e3,weightless.melbourne,available,44.98,53.98,high,low,10,namecheap,,,13/09/2026 10:09
a768b88c-30d2-4a08-824e-e1ae53bc01ae,premolar.melbourne,available,44.98,53.98,high,low,8,namecheap,,,09/08/2026 19:46
d0d10f26-e478-46d8-8faf-cc95c6db3c51,whipping.melbourne,available,44.98,53.98,medium,low,8,namecheap,,,22/08/2026 20:12
6bd9d798-57bd-44a5-b63a-9a86a7f6a87e,darnell.melbourne,available,58,58,medium,low,7,namesilo,,,01/10/2026 10:55
2773f8dc-5f07-48a3-aa8a-0631774b2b4d,spiffing.melbourne,available,44.98,53.98,high,medium,8,namecheap,,,10/09/2026 15:35
f9b06f13-172c-4471-a3b3-62f09e2b7f5f,intercept.melbourne,available,58,58,high,low,9,namesilo,,,28/09/2026 06:03
57795b56-4086-43f7-9c9d-2694fed590ff,later.melbourne,available,44.98,53.98,high,low,5,namecheap,,,21/09/2026 22:11
70b1d5f1-fd1f-431b-9746-7212d6d53f07,mountains.melbourne,available,44.98,53.98,medium,low,9,namecheap,,,17/09/2026 17:48
4660f5d3-0597-4fdc-8ce5-4700af801c07,algorism.melbourne,available,58,58,medium,low,8,namesilo,,,18/09/2026 07:14
0fcc7bb0-4d60-4c74-b2e9-a4f3c43c10a3,timothy.melbourne,premium,76.39,76.39,high,low,7,dynadot,,,01/10/2026 02:30
2b05fcdb-d253-4691-8acb-9b72a7ba0f99,monty.melbourne,premium,91.39,91.39,medium,low,5,namecheap,,,28/09/2026 11:58
5c7cce67-513c-497c-8d29-0c9ef89ee00b,canvas.melbourne,available,58,58,high,medium,6,namesilo,,,24/09/2026 12:10
410ec048-d00d-449e-a052-2b7498cfd49a,write.melbourne,available,58,58,high,low,5,namesilo,,,30/09/2026 06:33
1dd90343-f256-40fa-854d-8156b4827a3d,christopher.melbourne,premium,91.35,91.35,high,low,11,namecheap,,,25/09/2026 13:15
d3609c9d-5281-4412-bde2-5dfc63df2ef8,pillage.melbourne,available,44.98,53.98,medium,low,7,namecheap,,,08/09/2026 21:56
060eafde-505d-4037-9a51-100487ccd498,factory.melbourne,available,58,58,high,low,7,namesilo,,,25/09/2026 22:41
35c4d431-7d32-4ccc-a852-64a9a5075c36,crybaby.melbourne,available,58,58,medium,low,7,namesilo,,,23/09/2026 06:47
a6568ada-6a0c-4084-8cb2-0c596df382f6,rhenium.melbourne,available,58,58,medium,low,7,namesilo,,,20/09/2026 23:48
a141c54b-d294-4271-bc56-dab267543d79,pandora.melbourne,premium,455.3,455.3,high,medium,7,namecheap,,,30/09/2026 06:23
d896f3bb-c1a8-4ef8-a821-8aeb008d7e24,slowpoke.melbourne,available,44.98,53.98,medium,low,8,namecheap,,,10/09/2026 20:25
6de3962f-5032-4d77-bb11-1d107ee00975,definable.melbourne,available,44.98,53.98,medium,low,9,namecheap,,,13/08/2026 23:28
8cf40b3f-0216-4a12-a74a-c605434ff035,celeriac.melbourne,available,44.98,53.98,medium,low,8,namecheap,,,19/09/2026 17:33
c4a606e4-4c9f-4e6f-bb48-24eb5f800010,mindless.melbourne,available,44.98,53.98,medium,low,8,namecheap,,,07/08/2026 02:48
f5ee7c23-e416-41c7-8784-6a4976691a5f,earnest.melbourne,premium,58,58,high,low,7,namesilo,,,14/08/2026 22:31
3a7409be-90c2-4226-a5f8-346b63eb10d7,portal.melbourne,available,58,58,high,medium,6,namesilo,,,28/09/2026 10:03
44b3699d-5730-4117-b0ba-5b1000e8d200,hull.melbourne,available,76.99,76.99,high,low,4,godaddy,,,28/09/2026 01:42
79b27366-dc1a-4c6d-a09c-ee003fcaeb02,vagrant.melbourne,available,44.98,53.98,high,low,7,namecheap,,,14/08/2026 19:18
41b52aaa-e436-4e34-8a44-ff2e1237fa2f,religion.melbourne,available,44.98,53.98,high,low,8,namecheap,,,29/09/2026 18:54
f4d3279e-7a46-46e2-bb82-fe256a093702,arui.melbourne,available,44.98,53.98,medium,low,4,namecheap,,,18/09/2026 22:15
b7539dc7-b572-4e6c-af0a-ab4df91ec184,fence.melbourne,available,44.98,53.98,high,low,5,namecheap,,,29/09/2026 19:13
311c2a23-a1fd-45b6-914e-84edbd4cb9b1,octavia.melbourne,available,58,58,high,low,7,namesilo,,,01/10/2026 09:32
dc400e84-08c3-420f-937c-e310cba4d46c,resolutely.melbourne,available,44.98,53.98,medium,low,10,namecheap,,,14/09/2026 11:12
2f732fad-da37-443e-88af-070aa43b65e2,ardmore.melbourne,available,58,58,medium,low,7,namesilo,,,01/10/2026 12:29
fad237ef-673a-43a1-8b90-1514266ac029,aberdeen.melbourne,available,44.98,53.98,high,low,8,namecheap,,,16/09/2026 15:10
0789d628-4945-48af-a133-eb94bb7af399,disarray.melbourne,available,58,58,medium,low,8,namesilo,,,24/09/2026 17:15
dacc92f2-f69a-4316-a0a8-5adabc73c4c1,newsless.melbourne,available,44.98,53.98,low,low,8,namecheap,,,03/09/2026 16:52
2dfd88a3-660a-4c54-a4bc-fec33a233668,bialy.melbourne,available,58,58,medium,low,5,namesilo,,,23/09/2026 12:41
7c71504b-2b68-4686-a7e1-d8be98c37d72,adolescent.melbourne,available,44.98,53.98,high,low,10,namecheap,,,21/09/2026 19:03
0a19c628-582e-4ef5-846e-518124964650,gunfire.melbourne,available,42.32,42.32,medium,low,7,dynadot,,,28/09/2026 19:24
33772d07-9b11-4064-b9df-fe9a42e911d4,mangonel.melbourne,available,44.98,53.98,medium,low,8,namecheap,,,20/09/2026 00:37
5e05642c-5c54-4242-90e8-fc19dab75e0d,cornell.melbourne,premium,77.09,77.09,medium,low,7,dynadot,,,29/09/2026 00:29
e9004a23-0138-4ef1-891c-54b3d0606871,complain.melbourne,available,58,58,high,low,8,namesilo,,,27/09/2026 03:57
de838b6d-2ee5-416d-bda7-98ec383c2b2f,loyally.melbourne,available,44.98,53.98,medium,low,7,namecheap,,,15/09/2026 13:02
09a09007-291d-4f78-83ce-eebf9dd20729,villain.melbourne,available,58,58,high,low,7,namesilo,,,21/09/2026 16:58
eef044e0-e9d6-48c4-8b75-d46a49bb9ce8,cer.melbourne,premium,153.75,153.75,high,low,3,dynadot,,,30/09/2026 16:38
1ab1ed21-8559-4734-8994-fa402936fffc,riyadh.melbourne,available,58,58,high,low,6,namesilo,,,29/09/2026 06:50
689426f6-d3b6-4b52-8351-fc3249064b55,flavorous.melbourne,available,44.98,53.98,medium,low,9,namecheap,,,18/08/2026 07:08
84b85db0-3b24-4ff2-8d0d-feb0cef25b2a,cavalier.melbourne,available,44.98,53.98,high,low,8,namecheap,,,11/08/2026 22:48
16de9c4e-8e09-464b-b7b0-e9ce0a456b84,macarthur.melbourne,premium,91.39,91.39,high,low,9,namecheap,,,25/09/2026 20:07
b68eee8f-1ec0-4b3e-b378-b28801e62009,denial.melbourne,available,42.36,42.36,high,low,6,dynadot,,,29/09/2026 13:58
15d492a3-0fbd-416f-b6e3-4f996ebcb5ee,availability.melbourne,available,58,58,high,low,12,namesilo,,,30/09/2026 05:58
7e8fdf22-1341-4d11-a607-1617c38f8eb1,relays.melbourne,available,41.94,41.94,medium,low,6,dynadot,,,01/10/2026 18:27
4cdd5a99-bf0e-40c6-bb3c-23eb7204c4d4,virginal.melbourne,available,44.98,53.98,high,low,8,namecheap,,,13/09/2026 05:57
9c5cb621-48c9-4a19-8ca1-d676a21f39a1,protected.melbourne,available,58,58,high,low,9,namesilo,,,27/09/2026 07:42
b3e1c6d3-36d6-4e0b-b62e-32c443a59d66,unsocial.melbourne,available,44.98,53.98,medium,low,8,namecheap,,,12/09/2026 20:11
3d1e4a7a-d86e-4f54-86c6-3f027a942c54,nigger.melbourne,available,44.98,53.98,high,medium,6,namecheap,,,29/09/2026 19:25
8726478c-a711-43c0-99da-35a27bd6490f,westminster.melbourne,available,53.98,,high,low,11,namecheap,,,
c0ff35b7-c8e6-44e3-8148-b5ccb033f681,emotions.melbourne,available,58,58,medium,low,8,namesilo,,,27/09/2026 02:04
f4349f8f-1395-4bec-a7cf-29746882bb92,workaday.melbourne,available,44.98,53.98,medium,low,8,namecheap,,,17/08/2026 14:58
ec22d6c6-3698-47bb-918f-21674dce5fa9,diffusely.melbourne,available,44.98,53.98,medium,low,9,namecheap,,,14/09/2026 12:36
f1ba3a8c-fa62-4dd1-bd4e-d6d2cf687fd1,optimally.melbourne,available,44.98,53.98,medium,low,9,namecheap,,,15/09/2026 18:05
534dca82-e81a-4f53-871b-16e35fb5dc10,punish.melbourne,available,58,58,high,low,6,namesilo,,,27/09/2026 06:05
84e9a847-d8db-4739-a002-8ede730badbd,superiority.melbourne,available,40.12,40.12,high,low,11,porkbun,,,29/09/2026 16:23
66b4a84b-9571-44db-989d-45874312af32,marx.melbourne,available,58,58,high,low,4,namesilo,,,20/09/2026 11:00
b80dabfb-dffb-4b1f-a0a1-215efa8e31a8,gaunt.melbourne,available,44.98,53.98,medium,low,5,namecheap,,,10/08/2026 18:54
a8462dbd-b30d-4d99-bb90-593b2d978eb3,deceit.melbourne,available,58,58,medium,low,6,namesilo,,,30/09/2026 16:58
714de83a-f8c3-465f-9974-ae2cec905248,preposterous.melbourne,available,42.2,42.2,medium,low,12,dynadot,,,30/09/2026 19:43
cc68c734-2655-4c95-84db-a35deea6a314,aneroid.melbourne,available,44.98,53.98,medium,low,7,namecheap,,,
853e80bf-5aee-40c6-8b44-9f58fba6668b,nevermore.melbourne,available,44.98,53.98,medium,low,9,namecheap,,,15/09/2026 16:30
a7c03020-b3d9-4aec-b491-4bfc4227397d,anvil.melbourne,available,58,58,high,low,5,namesilo,,,19/09/2026 15:57
ecc8d6fb-4157-442a-bbc5-d6a2ded06046,silly.melbourne,available,58,58,high,low,5,namesilo,,,21/09/2026 23:43
7e51e52d-68b2-4d1e-b4a4-ff564c54a73d,selling.melbourne,available,58,58,high,low,7,namesilo,,,25/09/2026 09:15
8d094993-b100-4006-b101-b98d1ffa9114,florence.melbourne,available,58,58,high,low,8,namesilo,,,28/09/2026 05:43
e19eaadd-ef1c-453f-b66b-0be1cf3373a2,kota.melbourne,available,58,58,high,low,4,namesilo,,,30/09/2026 02:06
1241f566-bf87-4615-8714-c5bec94f9330,modulated.melbourne,available,44.98,53.98,medium,low,9,namecheap,,,25/08/2026 03:19
2a158d35-fb1d-4e67-a2bc-8e1dc4187b53,divers.melbourne,available,41.94,41.94,high,low,6,dynadot,,,01/10/2026 09:26
1d764cad-e793-4564-a566-10fdd707333e,brendan.melbourne,available,58,58,high,low,7,namesilo,,,28/09/2026 04:01
40c6ef6f-a4b5-40f8-a580-572c2d25f9b9,fleet.melbourne,available,44.98,53.98,high,high,5,namecheap,,,24/09/2026 19:57
dd6f4e5a-9a4d-4b51-9958-f08fa9faa94f,tds.melbourne,available,58,58,high,medium,3,namesilo,,,30/09/2026 14:41
3261434d-9c81-40ca-93b1-50e4a79fd740,riming.melbourne,available,44.98,53.98,medium,low,6,namecheap,,,09/09/2026 16:55
ba223349-a9db-4223-ae9b-06ef180474f5,agelong.melbourne,available,44.98,53.98,medium,low,7,namecheap,,,
876929f2-6bcb-4840-86fe-45a8a3a2b3a3,backed.melbourne,available,44.98,53.98,high,low,6,namecheap,,,08/08/2026 05:33
47d781c3-2f63-4c4e-b1a3-77ef944c1311,ounces.melbourne,available,58,58,medium,low,6,namesilo,,,16/09/2026 11:16
0ed862e1-e9fd-441e-9d99-0b9bbb813983,butterfly.melbourne,available,58,58,high,low,9,namesilo,,,29/09/2026 05:34
baf51b8d-6826-40db-b15a-f81801484e1e,occupied.melbourne,available,44.98,53.98,high,low,8,namecheap,,,17/08/2026 07:34
f24bbd40-5144-4e78-a7c2-3f7fa9f8176e,barrie.melbourne,available,58,58,medium,low,6,namesilo,,,22/09/2026 08:37
8a27fad4-db8b-45b3-9be9-ada652417332,drivers.melbourne,available,58,58,high,low,7,namesilo,,,28/09/2026 03:43
f064e2be-a6f5-42de-abae-7065f3c33dff,redstart.melbourne,available,84.99,84.99,high,low,8,name.com,,,18/09/2026 20:37
6f5eb5d5-6488-443d-af12-45a2e99a81f5,executed.melbourne,available,44.98,53.98,high,low,8,namecheap,,,17/08/2026 16:55
1c95a281-c746-44e3-aff4-6bf2b3a1509d,catalan.melbourne,available,44.98,53.98,high,low,7,namecheap,,,11/08/2026 20:50
3721a5a1-21ac-4e74-bb15-5527ac910dd6,theban.melbourne,available,44.98,53.98,high,low,6,namecheap,,,11/09/2026 12:35
5a58965f-4939-4f10-bd2e-e3b9a0a3cbb6,cfs.melbourne,available,58,58,high,low,3,namesilo,,,29/09/2026 03:24
14f2c8c1-a568-409c-b5ee-4680fe594430,pectoral.melbourne,available,44.98,53.98,medium,low,8,namecheap,,,08/09/2026 11:58
b06f9435-18de-4a73-ab41-8c7127029c02,mine.melbourne,available,58,58,high,low,4,namesilo,,,25/09/2026 09:26
7aada3ea-3340-4609-af5f-3ae5439705f1,favorably.melbourne,available,44.98,53.98,high,low,9,namecheap,,,14/09/2026 18:00
c04c5e38-abc4-4419-a83c-035a5ed5b419,royally.melbourne,available,44.98,53.98,medium,low,7,namecheap,,,15/09/2026 12:01
4ffc61cd-e057-4cca-bc79-4df2e66508d1,chilean.melbourne,available,44.98,53.98,high,low,7,namecheap,,,12/08/2026 05:15
0844bdcf-7a83-4d05-a578-c9716632572d,loeb.melbourne,available,76.99,76.99,high,low,4,godaddy,,,28/09/2026 02:11
acc0a3fd-7186-4edf-b4e1-020d3caa6003,tracing.melbourne,available,58,58,high,low,7,namesilo,,,30/09/2026 13:25
b5844ab1-0113-42dd-8d83-939168759495,troublesome.melbourne,available,42.36,42.36,medium,low,11,dynadot,,,29/09/2026 20:56
6391ae5c-7101-4377-9986-dce04ac6d469,disastrous.melbourne,available,44.98,53.98,medium,low,10,namecheap,,,11/08/2026 13:30
cedea860-95a9-4265-80b5-232a973fe14a,anthus.melbourne,available,44.98,53.98,medium,low,6,namecheap,,,19/09/2026 14:02
4c2c3aa9-0389-4c1b-8c26-bee9adb2940e,lobes.melbourne,available,58,58,medium,low,5,namesilo,,,01/10/2026 17:10
3a9dc23f-dd45-4dab-a3d4-dd568a8bddda,liberian.melbourne,available,44.98,53.98,high,low,8,namecheap,,,23/08/2026 00:47
6fa161f0-d344-473b-8ae2-aa29a75e9a1d,aeroplane.melbourne,available,44.98,53.98,high,low,9,namecheap,,,08/09/2026 20:39
d376d46c-374b-402d-9793-7bd6ba533ebf,raines.melbourne,available,41.94,41.94,high,low,6,dynadot,,,01/10/2026 10:16
8564bdf4-09e8-4801-abf5-f6d6ed20575d,paperlike.melbourne,available,44.98,53.98,low,low,9,namecheap,,,12/08/2026 02:45
e3cbfac1-15db-41ae-9cb8-6cadd71f71d5,palatable.melbourne,available,44.98,53.98,high,low,9,namecheap,,,04/09/2026 23:15
3cf7e403-33c1-4925-800b-cb7a038f5bbe,fists.melbourne,available,58,58,medium,low,5,namesilo,,,30/09/2026 15:15
11cca931-1ecd-4366-a2de-189aed9002bc,badinage.melbourne,available,58,58,medium,low,8,namesilo,,,21/09/2026 17:13
a5b58346-8ccf-463b-bc69-a30c3ad887ea,enrolled.melbourne,available,58,58,medium,low,8,namesilo,,,29/09/2026 10:33
9eb60700-58a2-4a60-a22c-b7bb7f89711d,multiple.melbourne,available,58,58,high,low,8,namesilo,,,25/09/2026 22:06
d85c08a1-65e4-44c4-b4d4-2929222ac173,summons.melbourne,available,58,58,high,low,7,namesilo,,,29/09/2026 08:10
5d3bfebb-1d8c-4684-b012-0b425fc48d35,possess.melbourne,available,58,58,high,low,7,namesilo,,,26/09/2026 03:38
e0c54a79-9ea8-4601-93b1-17030b266be0,your.melbourne,premium,9070.1,,high,medium,4,name.com,,,
5472d3b4-24a4-4075-95c7-b8bcd107fc36,allowed.melbourne,available,44.98,53.98,high,low,7,namecheap,,,01/10/2026 19:03
1fe15b69-1732-46cc-af64-02671150b1fd,disorganized.melbourne,available,44.98,53.98,medium,low,12,namecheap,,,01/10/2026 20:28
4a1a485e-9432-48e2-bf64-f5c478f65d64,federalism.melbourne,available,42.36,42.36,high,low,10,dynadot,,,29/09/2026 12:14
ac5caabb-c0d0-4e2c-952e-91ed5061a563,administrator.melbourne,available,58,58,high,low,13,namesilo,,,29/09/2026 14:19
a19e89cd-2c37-4cf2-80a8-d783a89f0e81,alla.melbourne,available,58,58,high,low,4,namesilo,,,29/09/2026 15:17
4c8c6568-8523-41da-847c-5802401fed23,forensics.melbourne,available,58,58,high,low,9,namesilo,,,30/09/2026 09:42
9c5dc14a-b476-4283-ae0c-eccdcd51915d,gaines.melbourne,available,42.32,42.32,high,low,6,dynadot,,,28/09/2026 04:15
298a60bf-5b5e-4d89-8f56-088303c282a4,unshaken.melbourne,available,44.98,53.98,high,low,8,namecheap,,,12/09/2026 07:04
1eb76737-1fa2-4753-8f5f-4d00b3ec0791,traditions.melbourne,available,58,58,medium,low,10,namesilo,,,29/09/2026 10:32
7096519a-556e-4567-9bfe-af712c2a81fa,points.melbourne,available,53.98,,high,low,6,namecheap,,,
5993a59d-b299-4c8b-9508-d59519e05acc,torn.melbourne,available,58,58,high,low,4,namesilo,,,25/09/2026 16:39
f0b92179-f041-4a0c-8fcb-6b5f9111074a,silverware.melbourne,available,58,58,high,low,10,namesilo,,,30/09/2026 02:53
cc75175f-3d1a-46aa-9d44-62e785451b14,shameless.melbourne,available,44.98,53.98,medium,low,9,namecheap,,,10/09/2026 05:53
a7ec4e82-298f-43ac-9a82-ba7027a032e1,clare.melbourne,premium,84.5,84.5,high,low,5,porkbun,,,29/09/2026 03:17
2a43cee7-5734-43fb-bf42-3ce778adfe52,xenon.melbourne,available,58,58,high,low,5,namesilo,,,20/09/2026 23:13
0c03d1d7-c329-4aa7-b5fa-40576c295b93,lumbar.melbourne,available,44.98,53.98,high,low,6,namecheap,,,24/08/2026 11:06
01e12e09-37b9-450c-ac87-a74d380a9930,cliff.melbourne,available,58,58,high,low,5,namesilo,,,24/09/2026 15:37
f42e4303-1102-4165-b4ff-e4336b3cd776,twinning.melbourne,available,44.98,53.98,high,low,8,namecheap,,,10/08/2026 04:17
537bc0bf-66b1-475c-b4c2-554ec0382fca,joke.melbourne,available,58,58,high,low,4,namesilo,,,22/09/2026 06:20
8f7e3d2b-4365-483c-b83b-053d5489617c,corridor.melbourne,available,58,58,high,low,8,namesilo,,,29/09/2026 11:39
3bbf0016-572a-4300-b71e-fddefd0be8b4,fedex.melbourne,available,58,58,high,low,5,namesilo,,,01/10/2026 13:01
130c12cd-2f29-46bf-9511-bd066b66fad1,stockbridge.melbourne,available,42.2,42.2,high,low,11,dynadot,,,30/09/2026 05:42
42771fc4-8ae0-4169-893d-90c964376240,acipenser.melbourne,available,58,58,medium,low,9,namesilo,,,17/09/2026 01:47
fe0a5bab-0061-411e-9a0d-5f35d84cbbff,kits.melbourne,available,58,58,high,low,4,namesilo,,,30/09/2026 07:22
80ddf51d-5280-496b-b9df-13d3a640e963,quadruplex.melbourne,available,44.98,53.98,medium,low,10,namecheap,,,18/08/2026 13:26
6c10ee3b-bd10-4d72-a8b2-d7333b8559b4,dillard.melbourne,available,40.12,40.12,medium,low,7,porkbun,,,30/09/2026 05:29
0d4a4358-7fe8-435c-89e0-6d6ff3856ea7,attracts.melbourne,available,58,58,medium,low,8,namesilo,,,30/09/2026 06:55
3fda79a9-e554-4221-a72e-b7baa219475a,valves.melbourne,available,58,58,medium,low,6,namesilo,,,29/09/2026 23:44
e273b9b5-218f-4f0d-aa01-4b75d0771f60,separating.melbourne,available,44.98,53.98,high,low,10,namecheap,,,29/09/2026 08:48
0f1b5c58-6393-4024-9f36-ae1f3241244c,production.melbourne,premium,185.12,185.12,high,low,10,namecheap,,,19/09/2026 18:56
a05c4edd-edeb-42d1-a4f1-511701265326,weaver.melbourne,available,58,58,high,low,6,namesilo,,,28/09/2026 03:16
3084e18a-31cd-4e0b-8283-918c1af47b0f,strawberries.melbourne,available,58,58,medium,low,12,namesilo,,,29/09/2026 23:41
058b0a72-67b4-4d4d-afce-0f02127b7c74,stressed.melbourne,available,44.98,53.98,medium,low,8,namecheap,,,10/09/2026 22:30
c714e851-e48e-4eec-b2ef-92462f6b92fe,consensus.melbourne,available,58,58,high,low,9,namesilo,,,29/09/2026 11:05
4bac93b1-fbc3-419d-84b8-d612d37ae6c8,sirach.melbourne,available,84.99,84.99,medium,low,6,name.com,,,23/09/2026 07:34
64cee01f-12f3-4194-9464-e3e3ff7b6bad,immutable.melbourne,available,44.98,53.98,high,low,9,namecheap,,,12/08/2026 01:57
9daf9bbc-d12a-482d-8a84-07718d98029c,heir.melbourne,available,58,58,high,low,4,namesilo,,,28/09/2026 14:24
961ddf62-e8db-44c8-a5f6-2273489b71e3,harassed.melbourne,available,44.98,53.98,medium,low,8,namecheap,,,21/08/2026 00:06
8a022495-6cbd-4d55-a53e-2873d4097418,recognized.melbourne,available,58,58,high,low,10,namesilo,,,21/09/2026 15:28
6aa57882-3cb5-4e00-ac77-acf588f4646b,whiskers.melbourne,available,44.98,53.98,high,low,8,namecheap,,,22/09/2026 21:02
9843e732-d55f-43a2-aa52-ac3848c1fabd,mesoamerican.melbourne,available,58,58,high,low,12,namesilo,,,01/10/2026 06:11
56a557de-fe99-4472-a130-c6ca403ed4e1,enzyme.melbourne,available,58,58,high,low,6,namesilo,,,29/09/2026 12:12
38b3430a-3c97-4cf8-ac0c-9fab15a2bdcd,huff.melbourne,available,44.98,53.98,medium,low,4,namecheap,,,01/10/2026 20:00
5757b175-3ffa-4213-bdc5-f289c3f95bf5,roundel.melbourne,available,84.99,84.99,medium,low,7,name.com,,,19/09/2026 11:05
1b86fefe-cc0d-416b-86a1-ecf5319d0feb,elderly.melbourne,available,58,58,high,low,7,namesilo,,,21/09/2026 22:30
d084cc4f-a76c-4bd7-be8d-d58744cda96a,raton.melbourne,available,44.98,53.98,medium,low,5,namecheap,,,28/09/2026 22:49
f104cb20-c654-4805-a6c5-096c1bc71f90,happening.melbourne,available,58,58,high,low,9,namesilo,,,25/09/2026 23:54
8ae66bdc-7e56-44e2-88c8-dc56687fb4be,astonish.melbourne,available,44.98,53.98,high,low,8,namecheap,,,30/09/2026 14:59
73e212c6-c148-4a69-8680-25b2a29cd735,lsu.melbourne,premium,84.5,84.5,high,low,3,porkbun,,,28/09/2026 21:28
2fb9c54f-cb2f-432c-afb4-6cbee00a3004,gamers.melbourne,available,58,58,high,low,6,namesilo,,,20/09/2026 23:00
a371b3ac-7d94-4112-8381-63a27b44cee9,sew.melbourne,available,58,58,high,low,3,namesilo,,,29/09/2026 14:00
a33b1baf-1f6c-40c5-98b4-aa0622ff55e0,violin.melbourne,available,44.98,53.98,high,low,6,namecheap,,,28/09/2026 09:46
c0e23311-1a92-4efc-935a-7ddb0ef5fc6a,ards.melbourne,available,58,58,medium,low,4,namesilo,,,17/09/2026 10:14
59e01593-caa3-4816-a4b3-4f3800c8f12a,patton.melbourne,available,58,58,high,low,6,namesilo,,,25/09/2026 16:06
3531bebf-fa13-42c6-91f2-dfa064ca44b2,dormie.melbourne,available,44.98,53.98,medium,low,6,namecheap,,,14/08/2026 16:21
c955b6b2-195d-4840-9805-b4cbd5d9d045,giving.melbourne,available,44.98,53.98,high,low,6,namecheap,,,09/08/2026 20:55
d0172dba-363e-4eeb-b934-c874884cc3b7,salah.melbourne,available,44.98,53.98,high,low,5,namecheap,,,30/09/2026 18:35
f29cd29a-0dba-4d1a-85c3-63c3d864f299,merchant.melbourne,available,42.32,42.32,high,low,8,dynadot,,,28/09/2026 10:22
3a0d3400-608e-48e9-92e0-b280f4de4a2b,language.melbourne,available,58,58,high,low,8,namesilo,,,25/09/2026 15:54
29b3385b-1405-49f1-8700-0dbbd9659ced,walsh.melbourne,available,58,58,high,low,5,namesilo,,,28/09/2026 08:52
d95c53c0-739d-4371-beb7-214181c12bdd,rtc.melbourne,available,58,58,high,low,3,namesilo,,,30/09/2026 12:40
25b2766c-7135-4bed-8b6e-da4d1239d51f,hemp.melbourne,available,58,58,high,low,4,namesilo,,,24/09/2026 12:04
14827575-6606-4189-aae6-759e758687a1,sharp.melbourne,available,58,58,high,low,5,namesilo,,,21/09/2026 16:42
7e081966-113e-4549-91b3-93d56e173758,airflow.melbourne,available,58,58,high,low,7,namesilo,,,17/09/2026 22:13
400efe9a-b31e-45c6-b246-ab96ae8efe7e,winnie.melbourne,premium,77.17,77.17,high,low,6,dynadot,,,29/09/2026 09:15
f13169fd-ea5e-4ec8-bb91-ab805f9e77b4,newborn.melbourne,available,58,58,medium,low,7,namesilo,,,02/10/2026 01:22
bb740b0f-d366-4e0b-999d-6231485777a9,salable.melbourne,available,44.98,53.98,high,medium,7,namecheap,,,09/09/2026 20:50
bca562a7-75e0-4587-951d-6b00629aeba5,someday.melbourne,available,58,58,high,low,7,namesilo,,,28/09/2026 22:28
5f135909-a556-4faf-932b-dd901427121e,gustav.melbourne,available,44.98,53.98,medium,low,6,namecheap,,,25/09/2026 21:40
86d51c6e-12e9-4844-957d-e78bbc37c431,ebon.melbourne,available,44.98,53.98,medium,low,4,namecheap,,,14/08/2026 23:08
00ed663e-eff8-4669-82bb-8e6bc1110de5,grump.melbourne,available,44.98,53.98,medium,low,5,namecheap,,,13/08/2026 04:58
31dbe8e9-ac3d-43d8-82c2-b845633a17f3,slopes.melbourne,available,42.2,42.2,medium,low,6,dynadot,,,30/09/2026 07:04
b3afe5dc-cf75-4857-813e-237e377ff8a0,spd.melbourne,available,58,58,high,low,3,namesilo,,,28/09/2026 03:51
94756fab-b144-4a42-a24b-f9c104272cad,disappointment.melbourne,available,53.98,,medium,low,14,namecheap,,,
f24b5b6a-520d-4e2d-a366-07d4224f9d75,grandly.melbourne,available,44.98,53.98,medium,low,7,namecheap,,,14/09/2026 22:02
9f3d1899-606e-4ec8-9a58-8eac1c36597e,governmental.melbourne,available,58,58,high,low,12,namesilo,,,01/10/2026 22:31
7b82c23e-35a9-4683-9852-bb43f7036899,pelosi.melbourne,available,41.83,41.83,medium,low,6,dynadot,,,02/10/2026 03:41
0d322890-cc22-4201-b046-adef624c9346,enatic.melbourne,available,44.98,53.98,medium,low,6,namecheap,,,16/08/2026 21:20
78916e4a-0ad9-434b-ac6a-b74eb5c12218,torpid.melbourne,available,44.98,53.98,medium,low,6,namecheap,,,14/08/2026 16:15
c4218542-af9a-46d3-a483-a0868b9ad71a,pao.melbourne,available,58,58,high,low,3,namesilo,,,29/09/2026 09:17
917d1b99-6412-4639-aab8-f9596779a03f,risky.melbourne,available,44.98,53.98,medium,low,5,namecheap,,,21/08/2026 01:43
9ca13843-0f08-4995-8fe6-8beb8ae9d70b,jed.melbourne,available,58,58,medium,low,3,namesilo,,,01/10/2026 23:48
3dcde59c-eabe-44b8-91d3-3532af7f75eb,rutgers.melbourne,available,44.98,53.98,high,low,7,namecheap,,,25/09/2026 20:41
5d530c6f-0b7f-4975-9078-46047d4d12ce,unshoed.melbourne,available,44.98,53.98,low,low,7,namecheap,,,12/09/2026 19:51
b777d45b-3691-4b99-906a-1aae35d756a7,includes.melbourne,available,42.32,42.32,medium,low,8,dynadot,,,28/09/2026 08:22
b5fc7902-fbab-4922-af6c-4d5a1511671a,terrorism.melbourne,available,58,58,medium,low,9,namesilo,,,17/09/2026 04:10
008b3ded-7e38-4ded-b14f-a6b114f03115,screwdrivers.melbourne,available,44.98,53.98,medium,low,12,namecheap,,,20/09/2026 04:52
4a3dc5c4-2401-4e31-b668-fb5d6e80b127,donkeys.melbourne,available,58,58,medium,low,7,namesilo,,,20/09/2026 00:20
c84e5682-3bb0-429c-9833-018648879f80,auspicate.melbourne,available,44.98,53.98,medium,low,9,namecheap,,,21/09/2026 03:29
6fe90bd1-fc25-4c02-8262-293d1f9e0bb4,finds.melbourne,available,44.98,53.98,high,low,5,namecheap,,,18/09/2026 15:38
fa4a87cd-9365-4b52-89c1-8d1727e1d7cb,sadat.melbourne,available,58,58,medium,low,5,namesilo,,,19/09/2026 15:58
cfd6131b-3809-4c02-bc28-a0f961ee551c,geronimo.melbourne,available,58,58,high,low,8,namesilo,,,30/09/2026 17:28
ec8f5b2b-9777-4a99-9ed0-12131459d64a,festal.melbourne,available,44.98,53.98,high,low,6,namecheap,,,18/08/2026 02:13
f1aecd60-de03-4efe-a15d-b810cef4a0ca,barclay.melbourne,available,58,58,high,low,7,namesilo,,,27/09/2026 03:05
68b1bb56-439c-4d15-8357-dd31cfd99a64,mountaineer.melbourne,available,42.2,42.2,high,low,11,dynadot,,,30/09/2026 19:54
fccaf3cf-0d4c-412d-9689-33eb48843d66,astrakhan.melbourne,available,44.98,53.98,medium,low,9,namecheap,,,20/09/2026 17:31
9ae00486-5c98-445e-9f9a-887818f3a585,accurately.melbourne,available,58,58,high,low,10,namesilo,,,28/09/2026 11:42
5ae71fd4-d03d-4453-88e6-7e4956e5e6fe,knackered.melbourne,available,44.98,53.98,medium,low,9,namecheap,,,22/08/2026 16:23
cc1be1ff-2e32-4294-a8d0-3cc1f9e21f27,hardships.melbourne,available,58,58,low,low,9,namesilo,,,02/10/2026 03:06
15e0f3a7-ec57-4c61-aa99-6245887f71d6,brotherhood.melbourne,available,53.98,,high,low,11,namecheap,,,
a6c7ea8f-225a-46c6-981d-a9d223801b50,rummy.melbourne,available,44.98,53.98,high,low,5,namecheap,,,13/08/2026 11:16
c7c5a7ce-7909-4753-926b-8c5d16853926,compliant.melbourne,available,44.98,53.98,high,low,9,namecheap,,,23/09/2026 17:44
f6f13f53-cca7-45b5-9306-60a180b5ed52,braintree.melbourne,available,58,58,high,medium,9,namesilo,,,30/09/2026 05:04
88332ec5-9541-4d01-887c-814dfe5211bd,finnish.melbourne,available,44.98,53.98,high,low,7,namecheap,,,18/08/2026 05:03
c7d0296f-804c-492a-8361-535d94726221,zonal.melbourne,available,44.98,53.98,medium,low,5,namecheap,,,13/09/2026 15:29
9f8a2325-d4b5-4767-9feb-1f2456e2af1a,dionysius.melbourne,available,40.12,40.12,medium,low,9,porkbun,,,29/09/2026 06:39
2e64337d-2f16-4aae-bc94-dd88c340bc77,bear.melbourne,available,40.12,40.12,high,medium,4,porkbun,,,29/09/2026 01:42
fe05f8dc-acef-4c4e-9224-cad2e6afc7a2,unhappiness.melbourne,available,53.98,,medium,low,11,namecheap,,,
ad96d602-6c1d-4b17-a4b6-2acd4de60644,scream.melbourne,available,44.98,53.98,high,low,6,namecheap,,,27/09/2026 18:35
67465f17-88fa-45ae-977a-6193a1b5b9bc,substitution.melbourne,available,53.98,,high,low,12,namecheap,,,
e6f848bb-0544-4ce0-b6a7-3ce503e20308,beleaguer.melbourne,available,58,58,medium,low,9,namesilo,,,21/09/2026 17:03
9dfd994e-36fe-47d9-985b-cf8e29f06cea,cohomology.melbourne,available,44.98,53.98,medium,low,10,namecheap,,,30/09/2026 15:06
5997b197-5873-4529-a756-a6c414dad1dc,vintage.melbourne,available,44.98,53.98,high,low,7,namecheap,,,28/09/2026 20:39
5b2c76cc-4082-4857-9bc1-b1423987983d,entree.melbourne,available,84.99,84.99,high,low,6,name.com,,,16/09/2026 22:08
ed5e2ed8-6dad-4b14-9874-ef3e88efd08f,taurus.melbourne,available,58,58,high,low,6,namesilo,,,19/09/2026 04:39
6a0f002c-c1e5-4604-a06e-cef56c3d45ce,funicular.melbourne,available,44.98,53.98,medium,low,9,namecheap,,,18/08/2026 18:41
42ae0572-cb56-43d4-b09c-d250f57220ff,aleppo.melbourne,available,44.98,53.98,high,low,6,namecheap,,,18/09/2026 05:13
41458ce9-d5b1-42a6-b623-0984c243e609,punishment.melbourne,available,58,58,high,low,10,namesilo,,,25/09/2026 09:51
1ff49c11-ea98-4973-aa45-ed554ee4ac14,valery.melbourne,available,58,58,medium,low,6,namesilo,,,30/09/2026 13:51
e0c1f779-b377-40f4-8906-78fa957d4b87,heartsick.melbourne,available,44.98,53.98,medium,low,9,namecheap,,,11/08/2026 05:30
fde34bc0-9fb4-45ca-9e86-74805772d51a,sheep.melbourne,available,44.98,53.98,high,low,5,namecheap,,,25/09/2026 10:41
f041aeff-c0eb-4b56-ac6b-65da9c4b4db3,nadine.melbourne,available,58,58,medium,low,6,namesilo,,,29/09/2026 22:08
5a3e49b3-1796-44e8-a0ef-a9796c277c35,dma.melbourne,available,58,58,high,low,3,namesilo,,,29/09/2026 21:51
8cf4ccaf-dd21-4599-a4a7-92eff5432dac,bookshelf.melbourne,available,58,58,high,low,9,namesilo,,,24/09/2026 07:17
a5ba7c17-cf9f-47f3-b3a7-62dae34ba03a,deflection.melbourne,available,44.98,53.98,high,low,10,namecheap,,,24/09/2026 21:20
993dc22a-73ac-4569-bb9e-6609a69e4bcb,become.melbourne,available,58,58,high,low,6,namesilo,,,30/09/2026 15:37
1682b463-bb36-41e5-90be-f811b1cf7852,reverent.melbourne,available,44.98,53.98,high,low,8,namecheap,,,20/08/2026 16:08
4e05ec8e-7112-48f8-b492-266f252a9d05,envelope.melbourne,available,58,58,high,low,8,namesilo,,,25/09/2026 22:36
d6aa70d2-f91f-467d-88d9-0d9429769be2,vanadium.melbourne,available,58,58,medium,low,8,namesilo,,,20/09/2026 22:37
9670db1c-3062-4914-9d3a-bfd1545755be,moulds.melbourne,available,58,58,medium,low,6,namesilo,,,20/09/2026 13:57
deefcef7-004b-472a-8cd0-f00e1dbb43b5,jra.melbourne,premium,92.56,92.56,medium,low,3,namecheap,,,19/09/2026 14:09
f9d907e6-da1c-4f60-8e9f-2a11483571f5,namespace.melbourne,available,41.94,41.94,high,low,9,dynadot,,,01/10/2026 22:53
216e5284-1b90-43ce-8b2f-e1beb8b1f8fe,fibreoptic.melbourne,available,44.98,53.98,medium,low,10,namecheap,,,18/08/2026 03:14
01385ef0-b5e9-4e54-ae6f-80f64d93e7cc,bridal.melbourne,available,44.98,53.98,high,low,6,namecheap,,,11/08/2026 03:53
9bfaec39-18e5-48b3-b1dc-4b686522144f,moby.melbourne,available,44.98,53.98,medium,low,4,namecheap,,,30/09/2026 04:05
e67aadf1-bb12-4750-9478-66a95b211f32,silk.melbourne,available,58,58,high,medium,4,namesilo,,,27/09/2026 05:19
49c75fe2-d523-480b-90fb-96a090ec3a42,tired.melbourne,available,58,58,medium,low,5,namesilo,,,22/09/2026 16:41
44b5c361-196d-44af-bf9f-984243aee1bf,bagging.melbourne,available,44.98,53.98,medium,low,7,namecheap,,,21/09/2026 18:06
99dd39e0-6344-4e37-84ef-f5ee0893986e,argun.melbourne,available,58,58,medium,low,5,namesilo,,,20/09/2026 04:51
8e84d2de-399c-428c-8985-45755459cf26,bedrooms.melbourne,available,58,58,low,low,8,namesilo,,,29/09/2026 05:54
2ba69b11-29d3-42a0-abaf-81892389478c,depressing.melbourne,available,44.98,53.98,medium,low,10,namecheap,,,12/08/2026 03:50
0b111345-68c8-4834-a951-dced183f887a,cadmium.melbourne,available,44.98,53.98,high,low,7,namecheap,,,11/08/2026 22:59
aaf7953e-99c7-4bee-adf6-3313784a5bf9,donuts.melbourne,available,44.98,53.98,high,medium,6,namecheap,,,18/09/2026 14:27
db60a53d-49bc-491f-9f48-9edad0a55d87,withered.melbourne,available,44.98,53.98,medium,low,8,namecheap,,,14/08/2026 19:11
2aceaa42-a113-4b66-a7a5-67de7a688e1b,foxes.melbourne,available,58,58,medium,low,5,namesilo,,,30/09/2026 14:38
9955a539-8673-4e7d-887f-ec3ceb340ff0,liz.melbourne,available,58,58,high,low,3,namesilo,,,25/09/2026 14:24
aae4e6a6-1d8b-4c35-a64c-fc43e95cdd4a,potential.melbourne,available,58,58,high,low,9,namesilo,,,27/09/2026 04:46
ded9a398-09bc-4851-af8e-574004b35310,racehorse.melbourne,available,58,58,high,low,9,namesilo,,,22/09/2026 01:58
06e6fe2c-076a-4bde-9b27-783bc850e71c,drubbing.melbourne,available,44.98,53.98,medium,low,8,namecheap,,,13/09/2026 07:58
9856f4a6-3561-4db0-9560-bb2184a56bab,attribute.melbourne,available,58,58,high,low,9,namesilo,,,21/09/2026 02:16
349586cf-f787-429f-8da2-16b59add4e48,systematically.melbourne,available,53.98,,medium,low,14,namecheap,,,
943c253d-8f0e-4bd2-b71b-f3705c616d29,adequacy.melbourne,available,58,58,high,low,8,namesilo,,,17/09/2026 07:43
21206147-8792-46ae-9a0d-182919c61761,hauteur.melbourne,available,58,58,medium,low,7,namesilo,,,20/09/2026 09:20
6285b5ef-2995-4911-8112-6b34be2ad94f,thread.melbourne,available,58,58,high,low,6,namesilo,,,30/09/2026 04:06
4a2de04a-de0b-4f85-90e7-7f653f8898b4,analyzable.melbourne,available,44.98,53.98,medium,low,10,namecheap,,,
78fdd58d-1780-4a91-a639-61c03833e4d3,judaic.melbourne,available,44.98,53.98,medium,low,6,namecheap,,,22/08/2026 13:17
48dfb758-48a9-4200-b239-9f0beb6cbf70,rakes.melbourne,available,58,58,medium,low,5,namesilo,,,20/09/2026 22:29
f613d3a7-80f3-4c8d-97e9-1463ffebaf70,voss.melbourne,available,58,58,medium,low,4,namesilo,,,29/09/2026 03:14
f272b6e3-67a6-4e6e-99e1-cd3fc8b0a561,unnumbered.melbourne,available,44.98,53.98,medium,low,10,namecheap,,,13/08/2026 03:46
1db3bcac-7f59-4dbc-806e-e4bc00cd80c7,achy.melbourne,available,44.98,53.98,medium,low,4,namecheap,,,
b5429a3a-9b88-482f-87b7-685fc56134bc,resisting.melbourne,available,44.98,53.98,medium,low,9,namecheap,,,28/09/2026 21:16
25633947-5152-44da-8196-4d5d5c41c8e8,feigned.melbourne,available,44.98,53.98,medium,low,7,namecheap,,,18/08/2026 00:43
8d36572f-d38e-424b-bfdb-c8833d2b6faf,pins.melbourne,available,58,58,high,low,4,namesilo,,,18/09/2026 08:25
dd47216a-8368-483c-993e-977609eb65bf,carrillo.melbourne,available,44.98,53.98,high,low,8,namecheap,,,30/09/2026 05:28
acb3e01c-a45f-4608-9fe0-3a0a75caa5ff,picturesque.melbourne,available,58,58,high,low,11,namesilo,,,01/10/2026 04:56
399a1711-eae0-4523-a647-58557c6e8acd,transfixed.melbourne,available,44.98,53.98,medium,low,10,namecheap,,,17/08/2026 22:56
95b584e3-a2af-4929-b0a4-b3a191bae8d8,coffeecakes.melbourne,available,58,58,medium,low,11,namesilo,,,21/09/2026 00:59
5ecd4a0f-5e96-427c-88c8-18778390e03c,unfamiliar.melbourne,available,44.98,53.98,high,low,10,namecheap,,,12/09/2026 09:55
6c4c6af7-7023-465c-8f5f-f5331d54210b,earliest.melbourne,available,58,58,medium,low,8,namesilo,,,24/09/2026 12:55
e9dd8a43-5511-41c4-b719-b2c14f3e87f3,amber.melbourne,premium,92.79,92.79,high,low,5,namecheap,,,22/09/2026 03:52
57eaafe7-5dcb-4243-9ca5-d5337ee47180,sessile.melbourne,available,44.98,53.98,medium,low,7,namecheap,,,10/09/2026 04:59
49227c7c-fdc0-4961-81cf-2e0fdd11fb03,wizards.melbourne,available,58,58,high,low,7,namesilo,,,02/10/2026 03:40
e0f9cbcb-8f84-4f4c-bceb-e7df23cf7c9e,seals.melbourne,available,53.98,,high,low,5,namecheap,,,
0d427deb-0aba-4034-b215-deb80577a06d,iterative.melbourne,available,44.98,53.98,high,low,9,namecheap,,,22/08/2026 11:39
fb16687e-fcbc-42fc-a96e-f9d0e462b825,valid.melbourne,available,58,58,high,low,5,namesilo,,,28/09/2026 10:05
490039f7-aee1-476b-86f4-ecfd53f4966b,woolf.melbourne,available,58,58,medium,low,5,namesilo,,,17/09/2026 07:19
08bbb7b7-9783-4e10-abb1-9e65a306fca0,assemblages.melbourne,available,58,58,low,low,11,namesilo,,,29/09/2026 05:48
afec428e-5c36-402f-ab79-ed60853ba86c,weights.melbourne,available,53.98,,medium,low,7,namecheap,,,
83eab86d-1a01-40be-9fbd-205a575c9b91,unifying.melbourne,available,44.98,53.98,high,low,8,namecheap,,,12/08/2026 22:44
1df61734-f2ff-4b6f-a827-1a7429f77f59,berkeley.melbourne,available,58,58,high,low,8,namesilo,,,23/09/2026 09:32
97182bd1-ce0e-4f88-a914-15bede9e5b54,triumphant.melbourne,available,44.98,53.98,high,low,10,namecheap,,,17/08/2026 19:56
4069dc17-ee8d-4a66-ba9e-79465affc189,fellows.melbourne,available,58,58,high,low,7,namesilo,,,25/09/2026 13:03
cf9333c1-39ed-45f7-8ba9-6ecce5d00bc0,adar.melbourne,available,44.98,53.98,medium,low,4,namecheap,,,17/09/2026 06:32
2ef9bc2b-2f57-4455-aae0-79745d6e4117,lepanto.melbourne,available,58,58,medium,low,7,namesilo,,,22/09/2026 15:21
67e78ddb-57cf-4055-a694-f7c7060b1ceb,jokingly.melbourne,available,44.98,53.98,medium,low,8,namecheap,,,14/09/2026 17:23
4af7c1a1-53ca-4485-a1d8-f9ac92ea5734,nationwide.melbourne,available,58,58,high,medium,10,namesilo,,,24/09/2026 00:32
daa525c4-0a92-41fb-bb68-5987e52cc42e,untimely.melbourne,available,44.98,53.98,medium,low,8,namecheap,,,21/08/2026 19:32
c9b07a4d-8a72-43f8-8faa-50cd78e2fa04,repentant.melbourne,available,44.98,53.98,medium,low,9,namecheap,,,08/09/2026 14:32
94148209-f17c-49cf-8fa9-5e67fe7f9647,macedon.melbourne,premium,91.07,91.07,high,low,7,namecheap,,,30/09/2026 10:30
dfecb840-25f0-4c4d-af2c-2e19175cc444,junk.melbourne,available,44.98,53.98,medium,low,4,namecheap,,,24/09/2026 21:06
40e19ffc-51c2-44f7-9284-745f3d485301,undeclared.melbourne,available,44.98,53.98,medium,low,10,namecheap,,,12/09/2026 07:06
dd477ce4-bc95-43d6-a848-a7275ccc4c32,heraldic.melbourne,available,44.98,53.98,medium,low,8,namecheap,,,21/08/2026 06:53
c1a907f1-8a73-48ba-8b21-2ac65a38e933,dynastic.melbourne,available,44.98,53.98,medium,low,8,namecheap,,,14/08/2026 21:59
aa8c2a87-2700-4389-b68e-0e6778633676,disraeli.melbourne,available,58,58,medium,low,8,namesilo,,,23/09/2026 08:17
bb7a6b15-31bb-4315-82ee-5ec63fb707be,gillespie.melbourne,available,58,58,high,low,9,namesilo,,,25/09/2026 04:55
70787b66-8c93-4c80-b09a-3d268cb0797e,fuss.melbourne,available,58,58,high,low,4,namesilo,,,17/09/2026 09:21
acccd1cd-d92c-4233-8371-51a72ce4d27a,urine.melbourne,available,58,58,high,low,5,namesilo,,,28/09/2026 02:54
d88227aa-05e3-46c8-bd26-06c883fb5b80,readers.melbourne,available,42.32,42.32,high,low,7,dynadot,,,28/09/2026 17:52
25dd7303-7b91-4d03-b79c-34d285aa6302,bosh.melbourne,available,58,58,medium,low,4,namesilo,,,21/09/2026 23:47
6d1733d9-e9cb-470b-8933-b2d3a5346f36,strachan.melbourne,available,42.2,42.2,medium,low,8,dynadot,,,30/09/2026 23:17
3b93ddff-b345-4ebc-9401-89c0272f24d8,kings.melbourne,available,58,58,high,low,5,namesilo,,,27/09/2026 07:24
d0aa284e-9352-453b-8cd2-cee226a0d14d,hug.melbourne,available,58,58,high,low,3,namesilo,,,29/09/2026 23:17
7b21e7ec-ba38-4413-a8db-2efe835fa203,procedures.melbourne,available,44.98,53.98,medium,low,10,namecheap,,,18/09/2026 17:33
0c4c6e62-b427-484a-9d06-68ec36b294bd,bernd.melbourne,available,58,58,high,low,5,namesilo,,,01/10/2026 23:12
1b04d784-94b0-4f17-ac07-08851d66f087,reflect.melbourne,available,44.98,53.98,high,low,7,namecheap,,,28/09/2026 10:29
bba3d255-f71b-4a10-a347-6a2c7248e83a,dar.melbourne,premium,182.12,182.12,high,low,3,namecheap,,,29/09/2026 20:47
42d994a9-2e20-4e68-ad9e-138c3f17b98f,likable.melbourne,available,44.98,53.98,high,low,7,namecheap,,,23/08/2026 06:14
f9e74127-a031-4dff-b030-53b1d1f003f8,philosophy.melbourne,available,44.98,53.98,high,low,10,namecheap,,,27/09/2026 13:03
717cf915-6106-4750-9711-4bdd3999087e,theist.melbourne,available,44.98,53.98,medium,low,6,namecheap,,,11/09/2026 12:37
c5954707-815b-4933-a1b8-74beccf3709d,throng.melbourne,available,58,58,high,low,6,namesilo,,,24/09/2026 17:08
5dcdc05a-b442-48a6-b869-44b6936f713f,touchable.melbourne,available,44.98,53.98,high,low,9,namecheap,,,11/09/2026 07:57
f6bcdd34-4ddc-4df7-beb3-9870199b7ec8,lacrimal.melbourne,available,44.98,53.98,medium,low,8,namecheap,,,22/08/2026 17:57
ce59f883-158f-4cbc-bae7-96c46477be8d,plutonic.melbourne,available,58,58,medium,low,8,namesilo,,,19/09/2026 03:29
d9078294-1a0a-4da7-b1df-dd1a71ef8cf5,angara.melbourne,available,58,58,medium,low,6,namesilo,,,19/09/2026 05:44
31679960-a9b8-4c86-aca1-1b2658374a62,policy.melbourne,available,42.36,42.36,high,low,6,dynadot,,,30/09/2026 00:13
bd2e82bd-036f-41da-887c-5a5d40acd114,slaughtered.melbourne,available,58,58,medium,low,11,namesilo,,,29/09/2026 05:12
d8f988f3-eff3-4d65-bb58-f2f700ba5c7a,doi.melbourne,premium,,,high,low,3,,,,28/09/2026 01:47
40f1a8b2-3ca8-4e43-b9e8-33b3d13dd429,spasm.melbourne,available,41.94,41.94,high,low,5,dynadot,,,01/10/2026 19:07
236ad7a7-72b2-40ef-aaa4-374562c3328e,finishing.melbourne,available,58,58,high,low,9,namesilo,,,27/09/2026 03:58
48697e95-d884-403d-b7a6-0b45965f97c8,grooved.melbourne,available,44.98,53.98,medium,low,7,namecheap,,,20/08/2026 20:17
a60938af-2e03-4646-ba60-1ccb2ab527fd,gymnastic.melbourne,available,44.98,53.98,high,low,9,namecheap,,,
522bd74f-7581-44c9-96ea-4dcc3e959f33,added.melbourne,available,58,58,medium,low,5,namesilo,,,27/09/2026 21:50
8d3b6b86-d996-4b93-bca1-7039ec62fc1b,defect.melbourne,available,58,58,high,low,6,namesilo,,,24/09/2026 05:34
f94bc676-f1b9-4938-9bcd-ac85b81ad5d6,edie.melbourne,available,58,58,medium,low,4,namesilo,,,30/09/2026 22:02
1cf668cc-3601-42f5-aaac-4c53b5e72bd5,bontemps.melbourne,available,58,58,high,low,8,namesilo,,,20/09/2026 08:07
ec74a9ac-9a3d-4f2d-9d04-6e3f2166d523,constants.melbourne,available,58,58,medium,low,9,namesilo,,,21/09/2026 01:13
b29a5947-d244-4ac0-9f1a-39f040e164be,wear.melbourne,available,44.98,53.98,high,low,4,namecheap,,,27/09/2026 08:43
60195ac9-0fcb-431f-a024-dec5ea56733a,breuer.melbourne,available,58,58,high,low,6,namesilo,,,02/10/2026 04:10
357acab0-ab4b-4770-aff4-7e27365b3d3f,ancestors.melbourne,premium,91.39,91.39,medium,low,9,namecheap,,,28/09/2026 08:45
2d3115d5-b71f-4ee6-ae95-6d92d65a06ab,agreed.melbourne,available,58,58,high,low,6,namesilo,,,21/09/2026 23:21
aea84e44-ee7f-409d-ab8b-053715826588,neck.melbourne,available,58,58,high,low,4,namesilo,,,29/09/2026 07:49
84d3f23d-d392-4948-8b4f-e927b2615290,childish.melbourne,available,44.98,53.98,high,low,8,namecheap,,,12/08/2026 05:02
3c25d012-7289-4c88-add9-fcc07476819e,albacore.melbourne,available,58,58,high,low,8,namesilo,,,18/09/2026 02:20
f21c9eb6-233a-49a8-b2a0-8526e6e9c6b6,rente.melbourne,available,44.98,53.98,medium,low,5,namecheap,,,19/09/2026 10:58
d3629e9f-4a27-49d8-be56-6b9b9ca92461,presenting.melbourne,available,44.98,53.98,medium,low,10,namecheap,,,28/09/2026 17:29
d168032d-f390-4655-a6d7-8625365eb21d,saltish.melbourne,available,44.98,53.98,high,medium,7,namecheap,,,09/09/2026 20:57
cc792acf-6ca0-4157-86b8-b32d83cb4eec,spik.melbourne,available,44.98,53.98,high,medium,4,namecheap,,,10/09/2026 15:33
80d658e4-5f83-4d2a-8448-5c21465dd167,ligament.melbourne,available,58,58,high,low,8,namesilo,,,30/09/2026 10:27
348ce8aa-08c1-4bb9-823f-c13121455639,recordings.melbourne,available,42.36,42.36,medium,low,10,dynadot,,,29/09/2026 16:40
d9c4fde3-b9a9-4509-8974-89d38bf441a0,browning.melbourne,available,58,58,high,low,8,namesilo,,,29/09/2026 11:47
a91f1517-6298-44f2-8a93-894096d22baf,astrometry.melbourne,available,44.98,53.98,medium,low,10,namecheap,,,20/09/2026 17:53
1b95bd23-b5a9-4471-8db2-c8b957d90200,supervillains.melbourne,available,58,58,low,low,13,namesilo,,,21/09/2026 05:46
053f2343-2d33-4c36-956d-e0ab8d0faeaf,angelic.melbourne,premium,92.79,92.79,high,low,7,namecheap,,,22/09/2026 04:25
83b9f4c9-cff2-4e36-85ec-2b5cad6b2309,festivals.melbourne,premium,2519.73,2519.73,high,low,9,porkbun,,,01/10/2026 00:27
a2f9482f-fa0e-41b1-8584-74e8d5da06a0,chore.melbourne,available,58,58,high,low,5,namesilo,,,29/09/2026 09:00
30090f13-c72c-439d-bf9d-2300ae83d138,platforms.melbourne,available,58,58,medium,low,9,namesilo,,,01/10/2026 00:18
ae9a782b-9615-42e0-8717-39c62a8c7979,sextet.melbourne,available,44.98,53.98,medium,low,6,namecheap,,,
2060c310-4b4d-457f-aa5e-757c97ab5c78,lumber.melbourne,available,58,58,high,low,6,namesilo,,,22/09/2026 10:02
05c3bed0-fa09-4569-b6b1-24bbc132c9ef,walking.melbourne,available,58,58,high,low,7,namesilo,,,28/09/2026 10:16
0f323cf6-9434-4d14-b56d-761c942f6280,counterfeit.melbourne,available,58,58,high,low,11,namesilo,,,29/09/2026 08:25
1e3da5e0-ecbe-4ede-93af-e5291299ed22,jets.melbourne,available,44.98,53.98,high,low,4,namecheap,,,28/09/2026 12:04
fab580d0-4beb-4949-a470-02c950f876f0,affiliation.melbourne,available,53.98,,high,low,11,namecheap,,,
344ae9f8-f767-4085-a02f-bfb6f8aa49dc,braden.melbourne,available,40.12,40.12,medium,low,6,porkbun,,,01/10/2026 18:20
392a7643-f011-4f2d-ab6a-9ab6b947c0ef,tipperary.melbourne,available,58,58,high,low,9,namesilo,,,29/09/2026 09:36
66fa3e41-5a0b-4b69-8324-90ce63d4cf83,mona.melbourne,available,58,58,high,low,4,namesilo,,,19/09/2026 06:28
09d8e074-5cb9-4629-aab2-b077dd7961f2,greensburg.melbourne,available,58,58,medium,low,10,namesilo,,,01/10/2026 12:09
7c7942f7-311b-462d-aa32-9113f59db50f,serrate.melbourne,available,44.98,53.98,medium,low,7,namecheap,,,03/09/2026 22:06
6191c527-91f3-427e-90e6-ad2b27569c84,judgment.melbourne,available,42.2,42.2,high,low,8,dynadot,,,30/09/2026 01:01
1744758d-1079-45ab-b28c-50cc36a3e873,expense.melbourne,available,58,58,high,low,7,namesilo,,,24/09/2026 22:30
6ad01c84-1930-4f95-b4f8-1cf08b4f95b6,protein.melbourne,available,44.98,53.98,high,low,7,namecheap,,,08/09/2026 08:51
77e21787-49cd-49de-97bc-fdf5e223122d,runabout.melbourne,available,53.98,,medium,low,9,namecheap,,,
041364e7-0e3b-43d7-8aee-a94ccfe388be,reversal.melbourne,available,42.36,42.36,high,low,8,dynadot,,,29/09/2026 18:17
1f681ae2-567f-41cb-988b-a4876c9d28be,tyrol.melbourne,available,58,58,medium,low,5,namesilo,,,28/09/2026 20:40
f625e819-5dfc-4c6f-8967-63b8ceba8f5b,payback.melbourne,available,58,58,high,low,7,namesilo,,,30/09/2026 10:49
1c6847c6-ad09-4f1d-b33e-c13f1e46af1a,frankel.melbourne,available,42.36,42.36,medium,low,7,dynadot,,,29/09/2026 15:47
abac4614-b2c0-4d0f-9a75-5d2c76748ce7,portable.melbourne,available,58,58,high,low,8,namesilo,,,27/09/2026 04:40
b2396881-18bc-4867-b42c-f24d7fed3186,irkutsk.melbourne,available,58,58,high,low,7,namesilo,,,01/10/2026 09:48
290c4371-ce5a-4147-b02f-e5f43057de94,argot.melbourne,available,44.98,53.98,medium,low,5,namecheap,,,13/09/2026 04:14
a41b2b2d-5c40-442a-99c6-fb9bda4ae553,reducing.melbourne,available,58,58,high,low,8,namesilo,,,29/09/2026 07:56
f37ce8fd-8f89-4c6a-a1aa-518e2713ee04,savior.melbourne,available,58,58,high,low,6,namesilo,,,24/09/2026 14:49
d431a2c9-34c5-43b7-9d79-8d1073a46a60,perplexed.melbourne,available,44.98,53.98,medium,low,9,namecheap,,,08/09/2026 17:56
e1cc53b8-6299-461d-b0db-70ba8c9a990c,conflicting.melbourne,available,58,58,medium,low,11,namesilo,,,30/09/2026 03:55
816084d0-6a80-485f-8e40-8600b90bc956,agassiz.melbourne,available,58,58,medium,low,7,namesilo,,,17/09/2026 16:23
918798cf-a887-44fe-b1ac-ae021cf83420,deserter.melbourne,available,44.98,53.98,medium,low,8,namecheap,,,06/08/2026 03:40
106e6a09-7514-4507-8bbf-154e999e6c79,unrest.melbourne,available,76.99,76.99,high,low,6,godaddy,,,30/09/2026 01:36
1d0cbadb-58cf-482e-9120-b31ce9228d22,cytherea.melbourne,available,58,58,medium,low,8,namesilo,,,19/09/2026 17:16
efcd0628-a9c0-4024-8992-9970d9495c6e,enlightenment.melbourne,available,53.98,,high,low,13,namecheap,,,
a5118669-8489-4182-9d7a-9631b281ce43,socrates.melbourne,available,44.98,53.98,high,low,8,namecheap,,,29/09/2026 20:25
93417d34-6368-45ba-9727-e2c3fbce885b,tapering.melbourne,available,44.98,53.98,medium,low,8,namecheap,,,14/08/2026 21:50
c4de44b1-2425-41d1-807f-f6b97a08d469,engraved.melbourne,available,44.98,53.98,high,low,8,namecheap,,,17/08/2026 07:40
6dea59e1-7ba4-4a84-8dfa-8da852675fb0,mongol.melbourne,available,44.98,53.98,high,low,6,namecheap,,,25/08/2026 04:45
a359c06c-01c7-4796-89ec-523b0b1a0dfc,afm.melbourne,available,58,58,high,low,3,namesilo,,,01/10/2026 00:52
2ee8f7ce-7b44-49c2-b106-9e5a89ab648a,compared.melbourne,available,58,58,medium,low,8,namesilo,,,27/09/2026 09:01
8f4c6d77-2c9c-4e81-b486-16cfaf84830b,curb.melbourne,available,58,58,high,low,4,namesilo,,,18/09/2026 20:45
2f078fe0-7154-4502-a39e-f0e90499e654,homer.melbourne,available,58,58,high,low,5,namesilo,,,30/09/2026 17:38
ad1072ef-d01b-443a-8604-f418e7776e67,breath.melbourne,available,58,58,high,low,6,namesilo,,,24/09/2026 10:14
f2202317-58d5-4a43-99b2-a90e1070aa4e,unexpectedly.melbourne,available,58,58,medium,low,12,namesilo,,,29/09/2026 03:10
7a373936-2a03-4c01-9c1f-c3f0e4014575,claudius.melbourne,available,40.12,40.12,medium,low,8,porkbun,,,01/10/2026 18:58
d75b1d36-6e66-4d25-ab13-23e76016f715,drab.melbourne,available,44.98,53.98,medium,low,4,namecheap,,,14/08/2026 11:43
d1e853c6-9054-4241-bb15-1dc9f48f7a7f,mela.melbourne,available,58,58,high,low,4,namesilo,,,01/10/2026 22:20
c62866d4-4643-455c-9575-710ffb9a7df4,listings.melbourne,available,58,58,high,low,8,namesilo,,,02/10/2026 03:01
3350c790-117d-426a-811f-415b5b0e4a84,improvement.melbourne,available,40.12,40.12,high,low,11,porkbun,,,28/09/2026 16:57
a327370f-a563-4807-8faa-56c355a09bf4,shyly.melbourne,available,44.98,53.98,medium,low,5,namecheap,,,13/09/2026 23:37
344839d5-3365-4083-b6ca-af00f156671f,fonts.melbourne,available,58,58,medium,low,5,namesilo,,,20/09/2026 22:56
41fc203c-12ec-4221-af41-5fb2cd5078e4,untidy.melbourne,available,44.98,53.98,medium,low,6,namecheap,,,12/09/2026 21:22
e92496f4-9f88-47bf-90f4-80ea99eba771,blackfoot.melbourne,available,58,58,high,low,9,namesilo,,,24/09/2026 02:17
d493f113-7405-48d3-bbc9-a45d826603f1,gin.melbourne,premium,91.35,91.35,high,low,3,namecheap,,,24/09/2026 18:31
0be7c1e1-9c6d-40a1-823d-b3bf46c89525,graduation.melbourne,available,58,58,high,low,10,namesilo,,,24/09/2026 16:27
6c4dd2d9-66fd-4a03-8c7a-6668ee6e588d,inflexible.melbourne,available,44.98,53.98,medium,low,10,namecheap,,,22/08/2026 04:32
4ccfdb4b-95e9-4322-9074-c1994066cd38,commend.melbourne,available,44.98,53.98,high,low,7,namecheap,,,30/09/2026 17:25
95038928-371e-48ff-bf0f-00edf7b64939,geodesic.melbourne,available,44.98,53.98,high,low,8,namecheap,,,18/08/2026 22:23
bbe93486-c200-47a4-8123-24a403654d90,cellular.melbourne,premium,58,58,high,low,8,namesilo,,,11/08/2026 23:32
556d76aa-e4e6-42e5-ba1c-b4084f845e55,gui.melbourne,available,58,58,high,low,3,namesilo,,,28/09/2026 09:56
816058ac-1a2c-44e5-b5b8-66f94dc0e9e0,mersey.melbourne,available,58,58,high,low,6,namesilo,,,30/09/2026 13:10
a84b565f-211e-449c-93d4-5db17dc2f700,prosperity.melbourne,available,58,58,high,low,10,namesilo,,,29/09/2026 01:54
7f3c6ce4-0bc2-4a08-b327-6a1512e019c6,zanzibar.melbourne,available,58,58,high,low,8,namesilo,,,30/09/2026 14:48
cbbb6e60-2113-481d-9d06-a0f706961076,tsr.melbourne,available,58,58,high,low,3,namesilo,,,01/10/2026 06:45
a2dc6bc4-37c1-4319-aad8-50db70a72319,bladed.melbourne,available,44.98,53.98,medium,low,6,namecheap,,,10/08/2026 12:14
2d2fb95b-fb75-413c-8c8b-da57a55ef9cb,entrenched.melbourne,available,58,58,medium,low,10,namesilo,,,24/09/2026 14:13
38845bba-26f2-4b91-8b0e-568dfde9d8b1,unwilling.melbourne,available,44.98,53.98,medium,low,9,namecheap,,,12/09/2026 22:40
6ba0110c-759b-4382-8438-2085b8577abf,developing.melbourne,available,44.98,53.98,high,low,10,namecheap,,,24/09/2026 07:59
1a395931-0b55-486c-80d5-b55cea1d6acc,neurological.melbourne,available,58,58,medium,low,12,namesilo,,,29/09/2026 16:30
bbd93348-37d4-47c6-ba01-039b50b69e91,dove.melbourne,available,44.98,53.98,high,low,4,namecheap,,,10/09/2026 17:16
d10a59cf-ad28-4489-929a-06f886aae422,ailurus.melbourne,available,44.98,53.98,medium,low,7,namecheap,,,17/09/2026 21:19
a7877bad-2dd0-4e6c-a18e-33c9611d5daf,acetal.melbourne,available,84.99,84.99,medium,low,6,name.com,,,16/09/2026 23:47
9138d3a2-c8bd-45f9-9032-6b37cb2373c0,radiopaque.melbourne,available,44.98,53.98,high,low,10,namecheap,,,09/09/2026 09:41
bcbfd38b-9804-424e-9d4f-0847c888d44b,firmly.melbourne,available,58,58,high,low,6,namesilo,,,19/09/2026 17:07
87e60835-5aba-439b-9a7a-21d269c6c280,foldaway.melbourne,available,44.98,53.98,medium,low,8,namecheap,,,18/08/2026 10:07
afc7c2de-be09-436b-aa36-b007053b12a9,projecting.melbourne,available,44.98,53.98,high,low,10,namecheap,,,22/08/2026 14:48
ebe3452a-7dd1-45f6-987a-eabba0529528,darren.melbourne,available,58,58,high,low,6,namesilo,,,28/09/2026 11:25
054a4272-c833-47ed-b00b-03a93552ef7f,correct.melbourne,available,58,58,high,low,7,namesilo,,,23/09/2026 23:33
6fcd113f-d434-4e17-9251-9f4cf4ac3523,upstage.melbourne,available,44.98,53.98,medium,low,7,namecheap,,,
2baefff5-870c-4a7f-9e25-5ec2b942e360,watching.melbourne,available,58,58,high,low,8,namesilo,,,30/09/2026 06:02
7a275d04-57e7-441b-95aa-338b9f95de49,camera.melbourne,available,58,58,high,low,6,namesilo,,,29/09/2026 06:00
f6d63805-fe4a-4804-bff8-85ed46bc1fd6,biotype.melbourne,available,44.98,53.98,medium,low,7,namecheap,,,23/09/2026 19:14
e3034104-ff7e-4bae-af26-422e12fe934f,stupefied.melbourne,available,84.99,84.99,medium,low,9,name.com,,,13/08/2026 18:55
cf600fa1-ed36-40c9-a578-7284ee904144,wormy.melbourne,available,44.98,53.98,medium,low,5,namecheap,,,13/08/2026 06:43
ee83d9a2-01c3-4631-b972-c205d47f5149,stalk.melbourne,available,58,58,high,low,5,namesilo,,,19/09/2026 07:14
245c1410-6993-4038-b439-00e408ce609f,bonfire.melbourne,available,58,58,high,low,7,namesilo,,,21/09/2026 21:51
0bd0f07d-0dbd-49eb-b350-fe936023a5ae,try.melbourne,available,58,58,high,low,3,namesilo,,,28/09/2026 23:04
521c4559-1c78-49b2-bffd-5353be3ebfcb,throwback.melbourne,available,44.98,53.98,high,low,9,namecheap,,,11/09/2026 15:00
228f72d7-c727-4cc8-ab13-9a6448afa004,tacitus.melbourne,available,58,58,high,low,7,namesilo,,,29/09/2026 07:01
41ae070c-19dc-428f-a75c-f06560630302,nrc.melbourne,premium,77.09,77.09,medium,low,3,dynadot,,,28/09/2026 10:37
7b7c50db-951e-4feb-a912-73241d12b622,helpful.melbourne,available,44.98,53.98,high,low,7,namecheap,,,21/08/2026 06:37
25c4eacb-6724-470d-b8ef-f74ee976a41c,ventolin.melbourne,available,58,58,medium,low,8,namesilo,,,18/09/2026 03:33
cc3cbca9-15ba-49a4-aa77-b76e3205a377,elsie.melbourne,available,58,58,high,low,5,namesilo,,,27/09/2026 07:34
a5a0df8e-d8b7-45a1-9424-454a90abf624,westport.melbourne,available,58,58,high,low,8,namesilo,,,28/09/2026 08:11
3a3af25a-fb7b-4da6-9fe7-bc84e413a0b6,puss.melbourne,available,44.98,53.98,high,medium,4,namecheap,,,09/09/2026 06:38
412eaf8e-13ac-4fd9-9aea-7d7cb4dde4c0,antioxidant.melbourne,available,58,58,high,low,11,namesilo,,,01/10/2026 08:00
f80e7db4-d170-40f1-a9eb-108d97f10ad5,throat.melbourne,available,58,58,high,low,6,namesilo,,,26/09/2026 00:01
002cc2db-4b7a-4373-9eef-55a0f0ae7be6,lookup.melbourne,available,53.98,,high,low,7,namecheap,,,
1e726737-1546-40ae-8e1e-dab32f6f5e13,ritenuto.melbourne,available,44.98,53.98,high,medium,8,namecheap,,,09/09/2026 09:55
af509c6d-66f5-4b8a-842b-7af5114c9a2f,hof.melbourne,premium,90.58,90.58,high,low,3,namecheap,,,30/09/2026 19:41
be9337ca-ce2c-4c09-be7f-5f523aa069f8,skins.melbourne,available,58,58,high,low,5,namesilo,,,29/09/2026 05:06
9aeb8193-746e-49ac-8d80-9e6aad7203bb,jogging.melbourne,available,42.2,42.2,high,low,7,dynadot,,,30/09/2026 02:05
abd25b14-99c3-4276-af3c-5e682aa94872,aestival.melbourne,available,44.98,53.98,medium,low,8,namecheap,,,
f0518353-8da2-4a33-854f-b4ae342442cb,kolkata.melbourne,available,58,58,high,low,7,namesilo,,,01/10/2026 01:15
6ad792ed-fabb-4f5e-bfbc-4fc420745b2d,tensile.melbourne,available,44.98,53.98,medium,low,7,namecheap,,,11/09/2026 11:30
89402330-e763-42b4-a1c3-1d75723ebc23,taken.melbourne,available,44.98,53.98,high,low,5,namecheap,,,25/09/2026 10:20
406b4571-b529-4a7e-a786-57d34b49c2a9,ignoring.melbourne,available,40.12,40.12,medium,low,8,porkbun,,,28/09/2026 11:32
c7779af5-7d09-47f3-85b0-7fabff081f51,pickaback.melbourne,available,44.98,53.98,medium,low,9,namecheap,,,15/09/2026 19:48
19f37ef1-e636-43ea-8668-70f8054a9375,yea.melbourne,available,58,58,high,low,3,namesilo,,,16/09/2026 11:48
24652ff3-7739-488c-ad60-e1c208cc4d3b,den.melbourne,premium,182.69,182.69,high,low,3,namecheap,,,24/09/2026 21:50
7b1f30b4-41aa-4e7c-9cea-226cad783ebc,bloodline.melbourne,available,44.98,53.98,high,low,9,namecheap,,,08/09/2026 13:11
e7ace09b-8e56-4a4a-8c56-24fda93edb2f,commercials.melbourne,available,40.12,40.12,medium,low,11,porkbun,,,28/09/2026 13:17
0a693231-b9c9-451c-a6b3-82f60055c009,serenity.melbourne,available,44.98,53.98,high,low,8,namecheap,,,20/09/2026 19:39
d7ae67ed-9ab1-4869-b82b-20b594845e8b,emmet.melbourne,available,58,58,medium,low,5,namesilo,,,19/09/2026 12:15
4015d0a6-f9c3-4759-9f5b-463a9624b502,pavement.melbourne,available,58,58,high,low,8,namesilo,,,29/09/2026 07:50
121580da-7287-4b0e-9462-36b5f2b9eb63,helpless.melbourne,available,44.98,53.98,medium,low,8,namecheap,,,21/08/2026 06:38
cd1459aa-9406-4fde-b9bc-ca6c8fedfb5d,tasted.melbourne,available,44.98,53.98,medium,low,6,namecheap,,,29/09/2026 11:03
ad186e99-dd5a-47a4-8570-e20a44a67318,steakhouse.melbourne,available,58,58,high,low,10,namesilo,,,24/09/2026 14:46
3a93a7e8-5afa-4115-b363-fb11df2e54cd,zealand.melbourne,available,58,58,medium,low,7,namesilo,,,29/09/2026 02:11
e4643600-01dc-45f7-b3d4-ce9c363c40b6,predefined.melbourne,available,58,58,medium,low,10,namesilo,,,01/10/2026 16:01
958f5a56-45ea-4464-9605-e1faa101aedf,banger.melbourne,available,44.98,53.98,high,low,6,namecheap,,,22/09/2026 01:46
5771389e-6e92-4071-a455-c9ac39e96e97,nippy.melbourne,available,44.98,53.98,high,low,5,namecheap,,,03/09/2026 17:42
f2194c10-5a91-4d6c-a72d-ac7d328469a3,greene.melbourne,available,58,58,high,low,6,namesilo,,,25/09/2026 06:41
0473ce85-0ff3-4344-a952-d9a19f4c34e5,ravioli.melbourne,available,58,58,high,low,7,namesilo,,,24/09/2026 12:37
cd0590ec-b35e-46c7-949c-ea72d9863329,audad.melbourne,available,44.98,53.98,medium,low,5,namecheap,,,18/09/2026 22:16
2922f872-ac26-4575-a538-83431911194c,rss.melbourne,premium,91.07,91.07,high,low,3,namecheap,,,29/09/2026 21:06
c1f1e9c5-81c0-4bd6-8ed5-e47cb5952a01,lineage.melbourne,available,44.98,53.98,high,low,7,namecheap,,,08/09/2026 13:04
4c276180-3638-48e6-9b18-0778785e99ab,tracking.melbourne,available,40.12,40.12,high,low,8,porkbun,,,30/09/2026 13:26
70aff53e-171c-45eb-8db1-000bec4a56c0,continent.melbourne,available,44.98,53.98,high,low,9,namecheap,,,11/08/2026 23:26
d5a80afe-a31f-406e-96e3-20319a9d42cf,crosstown.melbourne,available,44.98,53.98,high,low,9,namecheap,,,13/08/2026 08:13
a183b3eb-9521-4529-bf62-44c878142794,motivation.melbourne,available,44.98,53.98,high,low,10,namecheap,,,25/09/2026 21:49
086d200a-b7d7-4a66-bfea-d4ecc8e31f16,pendant.melbourne,available,44.98,53.98,high,low,7,namecheap,,,08/09/2026 14:12
c41951da-d2c7-4e40-bbb3-69de4da32392,fleshy.melbourne,available,44.98,53.98,medium,low,6,namecheap,,,18/08/2026 08:02
b4ceb682-af9e-4d1c-88eb-eb644578f2b9,persian.melbourne,premium,58,58,high,low,7,namesilo,,,22/08/2026 09:41
5a4011cb-90e5-456e-90c9-9693fec895a6,yang.melbourne,premium,84.5,84.5,high,low,4,porkbun,,,30/09/2026 19:08
0e21e865-b1f9-4c5d-9144-7da50885729a,reformable.melbourne,available,44.98,53.98,high,medium,10,namecheap,,,09/09/2026 12:43
2b29d160-7ba2-4341-baf4-b55e62d845c5,birmingham.melbourne,available,44.98,53.98,high,low,10,namecheap,,,11/08/2026 06:43
0ab02885-ef9b-4995-9ba2-cde4d39a9ac4,downriver.melbourne,available,44.98,53.98,medium,low,9,namecheap,,,14/08/2026 18:01
e2a7cb65-fa61-4d96-bec5-4a761ba86d9c,atherton.melbourne,available,58,58,medium,low,8,namesilo,,,28/09/2026 09:10
a76c6c9c-2795-4a61-b4d1-4e82ea4e4d12,outpouring.melbourne,available,58,58,high,low,10,namesilo,,,22/09/2026 07:58
df0c6921-e543-491b-8076-3e7513379d97,spotify.melbourne,available,44.98,53.98,high,high,7,namecheap,,,19/09/2026 03:23
c245ee7d-c0c1-4394-a69b-83d52a71e50e,log.melbourne,available,58,58,high,medium,3,namesilo,,,30/09/2026 03:09
5bf4ee86-1321-42d3-9d92-95d5daf488f3,bridget.melbourne,available,58,58,high,low,7,namesilo,,,29/09/2026 04:09
69e34898-4226-467d-a96e-8238c22fdd80,goosefish.melbourne,available,58,58,medium,low,9,namesilo,,,18/09/2026 11:40
8d6c0744-4b0c-4907-bd5f-abd54a3edd2d,luther.melbourne,available,58,58,high,low,6,namesilo,,,25/09/2026 23:29
af11045a-5353-4517-b777-54caf04fc227,arity.melbourne,available,58,58,medium,low,5,namesilo,,,20/09/2026 06:02
0b6a560b-3167-424e-bc0e-5ba41a431a58,mickey.melbourne,available,58,58,high,low,6,namesilo,,,25/09/2026 09:22
b6446933-a96b-4c30-8348-884aa67f96a5,gown.melbourne,available,44.98,53.98,high,low,4,namecheap,,,28/09/2026 05:51
eecd933d-171e-4f1e-afc5-ad5c034a1c61,ypsilanti.melbourne,available,41.94,41.94,high,low,9,dynadot,,,01/10/2026 11:48
20332334-b144-47f3-8466-91cc7d5c31bd,energiser.melbourne,available,58,58,medium,low,9,namesilo,,,19/09/2026 09:08
c36d1baf-2aad-467e-902a-9a5ffebcffaa,writing.melbourne,available,58,58,high,low,7,namesilo,,,28/09/2026 23:21
ea34d933-b82b-453b-bb29-c60ce16a22d4,leonora.melbourne,available,58,58,medium,low,7,namesilo,,,30/09/2026 13:31
321bbb90-a168-4e86-8ec2-a866f28f9bc6,learned.melbourne,available,44.98,53.98,high,low,7,namecheap,,,30/09/2026 19:33
874850f0-c653-4c36-b1fd-2e4656fed39a,cfa.melbourne,available,58,58,high,low,3,namesilo,,,28/09/2026 03:42
32e9d3bd-e1ff-460b-b7c9-26a2acab3d7c,cylinder.melbourne,available,58,58,high,low,8,namesilo,,,29/09/2026 00:34
033edcb7-7e33-4a93-85d4-a5288084b851,prettiest.melbourne,available,58,58,medium,low,9,namesilo,,,18/09/2026 03:32
4397d142-7b69-4d16-b1a2-544de231a2f4,truant.melbourne,available,44.98,53.98,high,low,6,namecheap,,,08/08/2026 01:41
ea6456e4-344a-4ce3-812f-1185251b6a8c,zeroth.melbourne,available,44.98,53.98,medium,low,6,namecheap,,,13/09/2026 15:14
57e29b16-c6c3-45a0-8b61-7e43b41fbb43,prowess.melbourne,available,58,58,high,low,7,namesilo,,,20/09/2026 11:56
7e7072f3-ca9b-4735-b2ec-7de1f3fca82c,loosen.melbourne,available,58,58,high,low,6,namesilo,,,29/09/2026 20:44
c260e4d8-3464-4e2e-b297-4b35f3167e18,neurologic.melbourne,available,44.98,53.98,medium,low,10,namecheap,,,03/09/2026 16:16
78bad8cf-eb5c-4112-9fb1-38d663c87630,cody.melbourne,available,58,58,high,low,4,namesilo,,,25/09/2026 03:39
6fec0a2a-1d77-4a99-8d34-35d01425b372,emphasis.melbourne,available,58,58,high,low,8,namesilo,,,29/09/2026 12:11
be8146cc-0b21-40a2-b40e-c4a9304b255c,slash.melbourne,available,58,58,high,low,5,namesilo,,,29/09/2026 07:02
91b078cf-5fe1-410b-8a2b-c4253838e4f7,blaze.melbourne,available,44.98,53.98,high,low,5,namecheap,,,10/08/2026 13:51
42d90124-0d8d-4a86-813a-b0de1b6fc47f,oppressive.melbourne,available,44.98,53.98,medium,low,10,namecheap,,,04/09/2026 16:52
ea001a3f-f05d-4c0f-882a-a91efcea1772,sprint.melbourne,available,42.36,42.36,high,medium,6,dynadot,,,29/09/2026 20:27
d5f466e4-4b1c-4416-954a-044c5f199d8e,odi.melbourne,premium,84.5,84.5,high,low,3,porkbun,,,30/09/2026 03:42
111e269f-faae-42c6-98ad-0804bb35dc13,bicyclist.melbourne,available,58,58,high,low,9,namesilo,,,23/09/2026 13:22
4e97e542-debb-4292-be1e-b46f92cf0813,deafening.melbourne,available,84.99,84.99,medium,low,9,name.com,,,13/08/2026 19:54
2347b021-87d4-48e2-8114-34ec6f7ae6dd,segal.melbourne,available,40.12,40.12,medium,low,5,porkbun,,,28/09/2026 19:20
29e58e68-d2ff-45f7-80da-953f3f256f06,advised.melbourne,available,58,58,high,low,7,namesilo,,,01/10/2026 02:49
71b97b13-8770-4d3e-aaa6-4e9bee1cc07b,holdings.melbourne,available,44.98,53.98,medium,low,8,namecheap,,,17/09/2026 20:27
63bf9e95-820d-45e9-87db-79f8ae266612,gothic.melbourne,available,44.98,53.98,high,low,6,namecheap,,,20/08/2026 17:17
cf92822e-aa55-48c7-a2e0-adbf1adc5598,concession.melbourne,available,44.98,53.98,high,low,10,namecheap,,,24/09/2026 17:04
e0a1e775-3db0-43ef-84e3-01450e90ef0d,archie.melbourne,premium,91.39,91.39,high,low,6,namecheap,,,28/09/2026 03:27
9bdc94b4-19fe-4eef-891c-e0846091ae34,alluvion.melbourne,available,84.99,84.99,medium,low,8,name.com,,,18/09/2026 12:21
805d2d86-cf4a-4c87-b597-d0596f9e7b97,spherical.melbourne,available,44.98,53.98,high,low,9,namecheap,,,08/08/2026 10:21
ce753cd0-bfd5-4f46-b5a5-e556fd602ba3,sinitic.melbourne,available,44.98,53.98,high,medium,7,namecheap,,,10/09/2026 08:29
5e2e5404-2ba1-4f9d-957d-d5de6fef8da1,belvedere.melbourne,available,58,58,high,medium,9,namesilo,,,22/09/2026 12:20
65af904e-2b80-4e56-b673-984a7d92236e,unicorn.melbourne,available,58,58,high,medium,7,namesilo,,,29/09/2026 14:05
d8ba006d-9408-41ed-b71d-9260e901d1af,jaundice.melbourne,available,58,58,medium,low,8,namesilo,,,17/09/2026 03:10
0741c680-28a5-4d66-b636-9d15e8903f45,possessive.melbourne,available,44.98,53.98,medium,low,10,namecheap,,,18/08/2026 21:44
55f2635d-4269-435b-89bf-ab1af4f02026,spill.melbourne,available,58,58,high,low,5,namesilo,,,27/09/2026 15:56
0f76c0dc-9d09-483f-8e9d-f4b2fd947004,sandalled.melbourne,available,44.98,53.98,high,medium,9,namecheap,,,09/09/2026 21:12
914e800c-d7c0-4389-834a-dbb62ea3f5be,smooth.melbourne,premium,91.35,91.35,high,low,6,namecheap,,,24/09/2026 20:14
69cbc785-eee1-4a9c-9a69-b65ece7b2c78,absorbent.melbourne,available,44.98,53.98,high,low,9,namecheap,,,
2ad971f9-6f0c-4144-88eb-7d9bd35ff623,hookup.melbourne,available,53.98,,high,low,7,namecheap,,,
420d4463-e271-4d51-80f3-383f95831754,trilogy.melbourne,available,58,58,high,low,7,namesilo,,,30/09/2026 03:04
4b3192d5-ebbe-4e60-9aac-1748221f03d0,votes.melbourne,available,44.98,53.98,high,low,5,namecheap,,,17/09/2026 13:26
23b00f7f-372e-49f5-8332-aacd897d4c70,lockport.melbourne,available,58,58,medium,low,8,namesilo,,,30/09/2026 13:59
abce21a0-b987-4d0e-a838-dcb2ee648973,surfaces.melbourne,available,53.98,,medium,low,8,namecheap,,,
a958fc0a-803d-4f5e-9265-63666a46f024,daringly.melbourne,available,44.98,53.98,medium,low,8,namecheap,,,14/09/2026 10:37
25c4672a-a0f0-434c-86ff-03be0c66abcf,bishkek.melbourne,available,58,58,high,low,7,namesilo,,,23/09/2026 21:43
6401b259-2151-4b61-a7a2-53848a93cccd,ames.melbourne,available,58,58,high,low,4,namesilo,,,25/09/2026 12:32
b8e371d4-1076-4730-b977-5ca8782a274c,phases.melbourne,available,44.98,53.98,medium,low,6,namecheap,,,18/09/2026 14:38
bdd95619-183b-469f-b517-984b6053f6ec,whitish.melbourne,available,44.98,53.98,medium,low,7,namecheap,,,24/08/2026 23:06
20982415-10a8-4d65-ab23-82f19f15e0dd,childhood.melbourne,available,58,58,high,low,9,namesilo,,,29/09/2026 08:38
766f74ae-dd64-4abf-bfef-747280f2a0eb,thousand.melbourne,available,58,58,high,low,8,namesilo,,,21/09/2026 11:02
c51b5449-ff6b-4565-916f-b7ce3688e66e,aligned.melbourne,available,44.98,53.98,high,low,7,namecheap,,,
5fe926c4-6669-4fde-a158-39f5b91447d9,shitlist.melbourne,available,58,58,medium,low,8,namesilo,,,24/09/2026 00:19
bbf556b6-0448-431f-82b6-30774c8f83ac,proximate.melbourne,available,44.98,53.98,high,low,9,namecheap,,,09/09/2026 04:46
62fb24ab-cd5c-430d-b43f-d24b54021187,sot.melbourne,premium,88.55,88.55,medium,low,3,name.com,,,14/08/2026 20:22
ab93f974-b10e-437f-9808-9748eb60692f,pageant.melbourne,available,42.32,42.32,high,low,7,dynadot,,,28/09/2026 02:36
0464b549-661f-4358-9eb5-4f0635e1fea8,athelstan.melbourne,available,44.98,53.98,medium,low,9,namecheap,,,20/09/2026 20:33
45432865-c5cb-453c-9566-75bffe3675e8,confide.melbourne,available,42.2,42.2,high,low,7,dynadot,,,30/09/2026 17:46
29250bd1-a70b-4572-8469-cdac3ada0181,cries.melbourne,available,58,58,low,low,5,namesilo,,,28/09/2026 08:31
048acff3-a0c4-42f3-a347-9a98bfea1eaa,drippy.melbourne,available,44.98,53.98,medium,low,6,namecheap,,,09/08/2026 00:32
e2032f60-f9be-4d84-a688-0b3f8a15a648,bnp.melbourne,premium,152.8,152.8,high,low,3,dynadot,,,01/10/2026 04:46
6091effa-23bd-4852-a679-e6abb52e7823,candescent.melbourne,available,44.98,53.98,medium,low,10,namecheap,,,11/08/2026 16:39
422e5718-18ce-4618-998f-d351c145faea,vibe.melbourne,available,58,58,high,medium,4,namesilo,,,29/09/2026 02:29
05e95abd-ad82-46b9-bd04-31f865976545,jonny.melbourne,available,58,58,high,low,5,namesilo,,,01/10/2026 23:09
7cf8f441-2c58-40c2-a530-001adc613c13,richey.melbourne,available,44.98,53.98,medium,low,6,namecheap,,,02/10/2026 01:53
2257897d-d12f-4946-b77f-20bfc48d972f,comatose.melbourne,available,44.98,53.98,medium,low,8,namecheap,,,12/08/2026 18:25
4e13e49f-6440-4107-8377-8f4ade1c6086,copper.melbourne,available,58,58,high,low,6,namesilo,,,20/09/2026 22:44
bb1506c6-5e49-4bc8-9038-b2a1f01a0abe,unfilmed.melbourne,available,44.98,53.98,medium,low,8,namecheap,,,12/09/2026 10:14
c9d28b0e-ea1b-47c1-b23e-626d9e148c8c,bowen.melbourne,available,58,58,medium,low,5,namesilo,,,25/09/2026 12:42
077822aa-8883-4737-af92-9df8660a4724,nash.melbourne,available,58,58,high,low,4,namesilo,,,30/09/2026 05:24
5c7620f4-4bb8-401f-8516-13f003ad5efb,jamaican.melbourne,available,44.98,53.98,high,low,8,namecheap,,,22/08/2026 12:11
3387cf1b-4409-44e4-a025-0747a5a3dbe1,imuran.melbourne,available,58,58,medium,low,6,namesilo,,,21/09/2026 11:01
91d7e046-b441-4ff5-8bf4-576efcaa2b32,jaya.melbourne,available,58,58,high,low,4,namesilo,,,30/09/2026 05:18
4f563d69-36f5-4084-9cfb-c74971398851,ones.melbourne,available,58,58,high,low,4,namesilo,,,01/10/2026 02:13
abe0e8eb-23b3-474f-99ca-75b374b9a940,alastair.melbourne,available,58,58,medium,low,8,namesilo,,,01/10/2026 08:31
355a50dd-803b-418f-afa4-d829ae738556,returned.melbourne,available,44.98,53.98,high,low,8,namecheap,,,01/10/2026 19:02
51945d81-0e18-4a3d-8769-ce2f3edc12a8,garrison.melbourne,available,58,58,high,low,8,namesilo,,,30/09/2026 09:43
aea668d9-8624-42d2-a1d3-8aa653de02da,fortuna.melbourne,available,44.98,53.98,high,low,7,namecheap,,,29/09/2026 00:59
46d20045-b64d-4cb4-a17b-cf44196f7dd9,mayonnaise.melbourne,available,58,58,high,low,10,namesilo,,,01/10/2026 02:59
413f3798-797b-4eee-9e14-824e2e82697d,dirichlet.melbourne,available,58,58,medium,low,9,namesilo,,,01/10/2026 23:42
7ac86172-da01-43e9-bdb2-13aa784da9e1,displaced.melbourne,available,58,58,medium,low,9,namesilo,,,30/09/2026 14:21
7bfde4d9-ac6a-4e31-a322-0dce5722ffe2,mammal.melbourne,available,44.98,53.98,high,low,6,namecheap,,,24/08/2026 14:21
a829756b-4b85-48ca-8b1e-4f85c7f07bfd,certify.melbourne,available,44.98,53.98,high,low,7,namecheap,,,24/08/2026 15:04
4899983e-c68e-4c51-bc76-9a0284ee06a8,ascot.melbourne,available,58,58,high,low,5,namesilo,,,20/09/2026 13:27
a56b82f9-494f-456b-835d-1e787db42619,sync.melbourne,available,42.36,42.36,high,medium,4,dynadot,,,29/09/2026 20:47
777d17da-5d02-4fe5-a3ea-aee63ce729e1,completing.melbourne,available,44.98,53.98,high,low,10,namecheap,,,23/09/2026 17:20
26c1f7a4-ed8b-4d8e-8655-6f3729b171b1,lithuanian.melbourne,available,44.98,53.98,high,low,10,namecheap,,,24/08/2026 07:30
eed78c0c-740f-465b-a181-e606bf791402,swiftly.melbourne,available,58,58,high,low,7,namesilo,,,28/09/2026 14:53
ecb8b19f-7f4b-4052-9499-ad6ebb58a34f,praiseful.melbourne,available,44.98,53.98,medium,low,9,namecheap,,,22/08/2026 20:51
441f81db-6601-4314-ab2f-f4b1d16e1685,francois.melbourne,available,58,58,high,low,8,namesilo,,,27/09/2026 07:39
7541ff0c-9563-478e-84be-55c6d5a7ee54,geoffrey.melbourne,premium,87.83,87.83,medium,low,8,name.com,,,25/09/2026 13:35
6fa32d92-46aa-43d1-96d6-1a64c2b13024,cleanliness.melbourne,available,44.98,53.98,high,low,11,namecheap,,,02/10/2026 02:07
41f83b5d-8701-4148-886e-b655e2b7a889,trip.melbourne,premium,58,58,high,low,4,namesilo,,,08/09/2026 04:57
27b7ddbb-197b-4be6-965c-6330492910de,alluvial.melbourne,available,44.98,53.98,high,low,8,namecheap,,,
32d2dc49-33ad-4ff4-a0ec-4c3b36bc6afb,modernizing.melbourne,available,40.12,40.12,high,low,11,porkbun,,,29/09/2026 14:57
8c46a399-bf3c-4a43-be93-33403fdd5ee3,vowed.melbourne,available,42.36,42.36,high,low,5,dynadot,,,29/09/2026 23:41
b6e0f316-5d84-4a12-b87a-d8d5c84c050d,dimly.melbourne,available,44.98,53.98,medium,low,5,namecheap,,,14/09/2026 12:45
94822875-5ca6-4fcc-82b8-0089107fb8ee,gingery.melbourne,available,44.98,53.98,high,low,7,namecheap,,,18/08/2026 23:53
ecdd9b5b-6925-42e0-b67a-d9d587a9822c,syllabic.melbourne,available,44.98,53.98,high,low,8,namecheap,,,11/09/2026 05:58
22f15baf-72b4-40d6-ab57-79f850d4dad1,navy.melbourne,available,44.98,53.98,high,low,4,namecheap,,,29/09/2026 13:12
7ab1fa35-4f67-4bea-a69e-b0d574958787,infra.melbourne,available,44.98,53.98,high,low,5,namecheap,,,15/09/2026 08:17
8fcc3275-1b26-437d-905a-76b15c6d5c5f,ascesis.melbourne,available,84.99,84.99,medium,low,7,name.com,,,20/09/2026 13:10
9d25fd9a-2d95-4f87-9c3b-cb8d26977992,obtained.melbourne,available,53.98,,medium,low,8,namecheap,,,
8702120f-25eb-47ca-bde5-a6bbaa08b638,coated.melbourne,available,44.98,53.98,medium,low,6,namecheap,,,12/08/2026 14:14
831060f8-a69b-4898-950c-fb2d15a0f23b,active.melbourne,available,58,58,high,low,6,namesilo,,,28/09/2026 09:11
3fc4fbd4-69d5-40fa-a824-31096a2ae803,consume.melbourne,available,40.12,40.12,high,low,7,porkbun,,,29/09/2026 02:37
254e0085-4207-4350-bb88-7d64038a0f25,bonding.melbourne,available,58,58,high,low,7,namesilo,,,28/09/2026 09:11
c95401c0-ff9e-4ef6-bd4a-867947540792,salad.melbourne,available,44.98,53.98,high,low,5,namecheap,,,30/09/2026 10:31
8eaf3e61-b3aa-4581-a16f-861ef588d524,penny.melbourne,available,58,58,high,low,5,namesilo,,,30/09/2026 06:37
9ca06ad4-fe3a-42a8-aadf-c419585f7c19,gur.melbourne,premium,58,58,medium,low,3,namesilo,,,13/09/2026 06:52
e0278f71-899c-43bd-ad20-529ddee4a312,overdue.melbourne,available,58,58,medium,low,7,namesilo,,,26/09/2026 03:28
bce67254-58f8-44ec-ab01-55020bfce359,cancun.melbourne,available,58,58,high,low,6,namesilo,,,24/09/2026 12:01
21d3f854-2a29-4833-bee0-01e3961cc253,lowered.melbourne,available,58,58,medium,low,7,namesilo,,,25/09/2026 15:26
19a2b68e-974d-4813-a6d8-28fea3086d26,cloaks.melbourne,available,58,58,medium,low,6,namesilo,,,17/09/2026 14:28
6b6f5a04-5917-4ac9-8b19-cc92cd1bd762,cypriote.melbourne,available,84.99,84.99,medium,low,8,name.com,,,13/08/2026 14:05
f67c08fa-9df0-4e3a-920a-fe980711978d,armoire.melbourne,available,44.98,53.98,medium,low,7,namecheap,,,20/09/2026 07:20
cf835793-0f7b-439a-ad46-b4cded2808e8,yell.melbourne,available,58,58,medium,low,4,namesilo,,,29/09/2026 12:21
999032cb-6f0f-47b6-be62-c38e8d5cffeb,nyt.melbourne,premium,90.22,,high,low,3,name.com,,,
d79e3204-10e5-4adb-8fab-5fb2929554a2,abroach.melbourne,available,44.98,53.98,medium,low,7,namecheap,,,
80322181-8086-4479-81e6-0dd262a60be6,barrage.melbourne,available,58,58,medium,low,7,namesilo,,,22/09/2026 07:57
bf5d2466-14a1-42b9-8c27-26236552acdb,privileged.melbourne,available,58,58,high,low,10,namesilo,,,27/09/2026 06:20
3513d0fe-ae1b-4c10-b461-5158b04e9af2,remaining.melbourne,available,44.98,53.98,high,low,9,namecheap,,,22/08/2026 22:43
278de3d2-add7-4649-a47f-f00490d40fea,coimbra.melbourne,available,42.2,42.2,medium,low,7,dynadot,,,30/09/2026 21:37
c36aae41-dd22-43bb-b186-7dbb6c90fe37,streetwise.melbourne,available,44.98,53.98,high,low,10,namecheap,,,10/09/2026 22:26
762c5602-4c14-44f7-b64d-72a407da1b0b,consistency.melbourne,available,58,58,high,low,11,namesilo,,,29/09/2026 16:04
ede3c51c-6ed8-474a-9cc6-0e921634c804,holliday.melbourne,available,42.36,42.36,medium,low,8,dynadot,,,29/09/2026 04:32
3dae86ea-4409-4eab-8f2f-165bbf22ef13,grasshopper.melbourne,available,58,58,high,low,11,namesilo,,,30/09/2026 11:34
02ca7691-5413-48c3-8536-c5ba78421ac7,vibrating.melbourne,available,58,58,medium,low,9,namesilo,,,30/09/2026 14:24
b9e1020c-94db-4179-b937-569f86b04813,flippant.melbourne,available,44.98,53.98,medium,low,8,namecheap,,,18/08/2026 08:32
3e2b5d72-a64c-49e0-88c9-d78a58430d06,painterly.melbourne,available,44.98,53.98,medium,low,9,namecheap,,,04/09/2026 23:08
c939f232-3a1f-40ee-be26-f721ce4b2b69,rail.melbourne,premium,182.12,182.12,high,low,4,namecheap,,,29/09/2026 20:10
967b8981-32cf-487a-893e-5c1c53f22f7c,calmly.melbourne,available,44.98,53.98,high,low,6,namecheap,,,14/09/2026 05:04
dcb11cdb-7ed0-42c0-b83b-933c06e36e04,safari.melbourne,available,58,58,high,low,6,namesilo,,,29/09/2026 07:19
737d07fa-6e6f-4115-af14-db506b79b8f1,scheme.melbourne,available,58,58,high,low,6,namesilo,,,30/09/2026 10:40
3fe7c7f7-39d9-4c93-820e-90b454c7c319,montague.melbourne,available,41.94,41.94,high,low,8,dynadot,,,01/10/2026 16:36
12f51bdc-8352-4bb7-bc60-b63230f8d8e2,haynes.melbourne,available,44.98,53.98,medium,low,6,namecheap,,,27/09/2026 01:55
1517510c-427a-4662-9be0-d2681da10bc4,novel.melbourne,available,44.98,53.98,high,low,5,namecheap,,,03/09/2026 22:19
2d934abd-d848-4803-b62a-0f25adc296f1,creek.melbourne,available,58,58,high,low,5,namesilo,,,29/09/2026 04:33
4c21679d-1c42-4712-95fa-b75e89a08e10,content.melbourne,available,42.2,42.2,high,medium,7,dynadot,,,30/09/2026 05:56
f534c883-1e75-44c4-8866-dc01d25aa555,blackness.melbourne,available,44.98,53.98,medium,low,9,namecheap,,,10/08/2026 10:54
070fee5a-f6d9-43bd-bbff-5ff9aa3055c7,grouse.melbourne,available,58,58,high,low,6,namesilo,,,23/09/2026 00:24
3bdd78e5-e810-4540-a26a-d8952c60e650,wick.melbourne,available,40.12,40.12,high,low,4,porkbun,,,29/09/2026 14:07
b74a25fe-9110-4762-bad1-925651a52987,coolly.melbourne,available,58,58,medium,low,6,namesilo,,,28/09/2026 14:20
4d3d6113-4c78-4bff-9d2d-35fdbf2fed31,equipt.melbourne,available,44.98,53.98,high,low,6,namecheap,,,17/08/2026 11:53
a4b99245-344b-4c0a-874a-cb2a0c03f76f,bayou.melbourne,available,44.98,53.98,high,low,5,namecheap,,,22/09/2026 18:09
aef11d0e-7ed6-4c9a-827c-de63c9802c2a,ruse.melbourne,available,58,58,medium,low,4,namesilo,,,20/09/2026 11:33
18ebc586-c4ff-4e20-a66a-83346f8e7f25,faster.melbourne,available,44.98,53.98,high,low,6,namecheap,,,14/09/2026 17:46
5289c549-dc63-4662-9587-a68b32e89acc,bubbling.melbourne,available,44.98,53.98,high,low,8,namecheap,,,11/08/2026 07:15
5d7a8a81-b311-44b7-a04d-845354b44904,lets.melbourne,available,44.98,53.98,high,low,4,namecheap,,,18/09/2026 18:55
e4a08026-fd24-4b3a-9c07-6e224572994c,banteng.melbourne,available,58,58,medium,low,7,namesilo,,,22/09/2026 03:14
92158933-e3de-4c31-a7bb-029234ceb350,novels.melbourne,available,58,58,medium,low,6,namesilo,,,28/09/2026 23:11
0b710ddc-4c3c-426f-80c1-ca1e8233d69d,lucullan.melbourne,available,44.98,53.98,medium,low,8,namecheap,,,24/08/2026 11:00
c16e1b57-7212-4455-835c-39f59d9fdc4b,coppery.melbourne,available,44.98,53.98,medium,low,7,namecheap,,,13/08/2026 00:34
cc7dd9fd-5c4e-4f87-b0cb-eb4fe1089eca,grove.melbourne,available,42.32,42.32,high,low,5,dynadot,,,28/09/2026 09:58
b2b6f7a4-4b9d-4eb2-ae92-f884f9b12a91,verifiable.melbourne,available,44.98,53.98,high,low,10,namecheap,,,12/08/2026 20:51
9c2e7f63-fefb-4ba9-9d72-3d6020c3b3c3,voluminous.melbourne,available,44.98,53.98,high,low,10,namecheap,,,13/08/2026 00:30
05a49e5a-d2e9-4f99-b6d1-45847d20fe80,bennington.melbourne,available,58,58,high,low,10,namesilo,,,23/09/2026 08:33
17d6878b-2c45-45b9-a68c-2813c6658502,repeatable.melbourne,available,44.98,53.98,medium,low,10,namecheap,,,09/09/2026 09:08
6fb1839f-8f9f-4637-8f92-27ae31721434,arbitrator.melbourne,available,58,58,medium,low,10,namesilo,,,20/09/2026 00:44
20a4c728-db2f-4a5f-b291-ec3c94d218ae,maintaining.melbourne,available,58,58,high,low,11,namesilo,,,29/09/2026 10:51
a7f8c707-c844-4949-8524-c2437dc3687b,hayley.melbourne,premium,91.07,91.07,high,low,6,namecheap,,,30/09/2026 13:14
65e2ea3b-b0e4-4d8b-b2e9-8bd443877a45,invitation.melbourne,available,58,58,high,low,10,namesilo,,,30/09/2026 00:21
15acd672-0ef3-4c2d-b1c5-c0ade0a94282,scars.melbourne,available,58,58,medium,low,5,namesilo,,,20/09/2026 11:02
3a233fbb-e21a-41dc-a21c-bcb20c20608f,lex.melbourne,available,58,58,high,medium,3,namesilo,,,29/09/2026 08:28
d5562d80-e006-4ef4-8a0b-e62bcbef803c,flatter.melbourne,available,40.12,40.12,high,low,7,porkbun,,,29/09/2026 08:22
cf5cfe78-1f63-4e22-926c-b18b176545b0,annoyance.melbourne,available,44.98,53.98,high,low,9,namecheap,,,
918d5a42-d7fe-4a89-b0ed-85ed9420ac35,airship.melbourne,available,44.98,53.98,high,medium,7,namecheap,,,14/08/2026 09:04
6f5be74f-886e-4239-9abf-b33af0f29e8b,teammate.melbourne,available,58,58,high,low,8,namesilo,,,30/09/2026 12:51
e555f8fd-4f41-4bb7-9267-e1b9f8edd437,dads.melbourne,available,44.98,53.98,medium,low,4,namecheap,,,20/09/2026 10:27
c594548f-668f-4db4-82a9-86bd4e5847fb,adumbrate.melbourne,available,44.98,53.98,medium,low,9,namecheap,,,22/08/2026 08:33
5af3ad06-5c35-4c58-b8e7-105b926b4ed5,guidance.melbourne,available,41.94,41.94,high,low,8,dynadot,,,01/10/2026 17:31
c962e6a3-e31a-4ebf-b2b7-dcbfe5881e7e,sixties.melbourne,available,44.98,53.98,high,low,7,namecheap,,,16/09/2026 12:11
f4a325cc-aa61-4cac-ba00-338ce8991453,jin.melbourne,available,58,58,high,low,3,namesilo,,,28/09/2026 07:26
bed51a3e-11ab-465a-a7a9-b1b7245c4809,laurence.melbourne,available,58,58,high,low,8,namesilo,,,30/09/2026 06:35
e9340294-f6a5-4893-b5d4-c5f1c11c6f61,tend.melbourne,available,58,58,high,low,4,namesilo,,,29/09/2026 23:54
182b8aee-3c44-4137-897d-6189c025f326,reverie.melbourne,available,44.98,53.98,high,low,7,namecheap,,,17/09/2026 21:59
daaaa353-2bce-49a6-927a-eb82cfff5bb8,berne.melbourne,available,58,58,medium,low,5,namesilo,,,23/09/2026 09:45
89f271db-3c5a-4e40-8ea8-583ddeac9b7b,inject.melbourne,available,58,58,high,low,6,namesilo,,,29/09/2026 20:43
a84ff189-f69e-4479-8dfc-b62630eadc9a,thermoset.melbourne,available,44.98,53.98,medium,low,9,namecheap,,,11/09/2026 12:58
d4ebc590-2114-457c-a7f7-6938a2e2337f,blowing.melbourne,available,58,58,medium,low,7,namesilo,,,25/09/2026 00:21
4e354d08-2e51-466a-bc56-2c4b0265cc17,baldy.melbourne,available,58,58,medium,low,5,namesilo,,,21/09/2026 21:43
7572149c-17d5-4f6d-9fb2-26507093cc08,karel.melbourne,available,40.12,40.12,high,low,5,porkbun,,,29/09/2026 09:01
72bdb68e-ca2a-47d0-8b31-2d60f394622c,stale.melbourne,available,44.98,53.98,medium,low,5,namecheap,,,10/09/2026 18:24
b3bce3fe-8826-4ef4-b615-993500d87392,minimalist.melbourne,available,44.98,53.98,high,low,10,namecheap,,,24/08/2026 23:51
8530dd32-dc96-43d2-bc3a-28c0203e801c,darrell.melbourne,premium,91.39,91.39,low,low,7,namecheap,,,28/09/2026 13:15
beb758c5-315f-4227-93b7-b53f4a415abb,sociable.melbourne,available,44.98,53.98,high,medium,8,namecheap,,,10/09/2026 13:08
efb19d9d-720e-4d04-afd8-45b4b22becff,allusive.melbourne,available,44.98,53.98,medium,low,8,namecheap,,,
a30c9c4f-524f-42ab-a743-a5327364a97e,glands.melbourne,available,58,58,medium,low,6,namesilo,,,29/09/2026 16:29
96ea868d-ebb8-460a-ba73-b8ae44c74813,ying.melbourne,available,58,58,medium,low,4,namesilo,,,28/09/2026 11:38
25131f23-4ab3-4efd-bbe8-8ad4980303d9,itchy.melbourne,available,44.98,53.98,medium,low,5,namecheap,,,05/08/2026 20:43
777ec93c-b061-474d-9a07-dfecaa367e0c,flirting.melbourne,available,58,58,high,low,8,namesilo,,,29/09/2026 06:25
1f9af4b4-18ff-4832-9320-c8165db85c0c,fulsome.melbourne,available,44.98,53.98,medium,low,7,namecheap,,,11/08/2026 11:40
a77c3258-d520-435a-907e-4e40c4272afd,unimposing.melbourne,available,44.98,53.98,medium,low,10,namecheap,,,12/09/2026 13:12
d60d6a5c-2fbf-4ad0-82f0-9a5991b8371d,hybrids.melbourne,available,58,58,medium,low,7,namesilo,,,30/09/2026 14:39
ac19dc37-b803-4dc6-a0e4-2fb437f6ab8b,emblem.melbourne,available,44.98,53.98,high,low,6,namecheap,,,28/09/2026 02:43
84b6cf73-475e-485b-8eff-03314ebe32b2,ackee.melbourne,available,58,58,medium,low,5,namesilo,,,17/09/2026 01:52
5c4dca0c-7a80-41e3-8241-903e9c454776,hussy.melbourne,available,58,58,medium,low,5,namesilo,,,17/09/2026 10:20
519f86d0-2994-4799-b1c1-85f0457d2dbe,brambly.melbourne,available,44.98,53.98,medium,low,7,namecheap,,,11/08/2026 01:59
cac72921-9c5a-4712-abc6-7be9c6ff03ca,warmed.melbourne,available,44.98,53.98,high,low,6,namecheap,,,13/09/2026 08:22
db3571d0-8ffa-4df6-8ee6-ab1b24e89b71,rites.melbourne,available,58,58,medium,low,5,namesilo,,,29/09/2026 11:15
1a6196b1-aa0d-4573-a535-f61d84af9b77,clair.melbourne,available,58,58,high,low,5,namesilo,,,30/09/2026 13:41
ba0bf54c-bcf8-478c-bfa5-00d8858c5006,glissando.melbourne,available,44.98,53.98,medium,low,9,namecheap,,,14/09/2026 21:37
1a0f6c71-ba93-43d7-a5dd-c111b67efff8,shagged.melbourne,available,44.98,53.98,medium,low,7,namecheap,,,10/09/2026 05:30
10cea4c2-31d6-4854-a48f-f6e5ae11225c,spur.melbourne,available,44.98,53.98,high,low,4,namecheap,,,16/09/2026 20:35
ca1f1bfe-027d-479b-bbad-4caa795034d8,abscessed.melbourne,available,44.98,53.98,medium,low,9,namecheap,,,
a6f4b296-18f6-4677-8833-393c508f7e95,curr.melbourne,available,58,58,medium,low,4,namesilo,,,01/10/2026 22:24
156b330e-fb39-4714-ad8d-54e3119ecaeb,gases.melbourne,available,58,58,medium,low,5,namesilo,,,30/09/2026 23:26
fbb66c97-7974-4881-a041-b9c7a970defd,jugular.melbourne,available,44.98,53.98,medium,low,7,namecheap,,,22/08/2026 14:16
5a51cda9-a1fb-461c-8cdb-9f81685a968a,baht.melbourne,available,58,58,medium,low,4,namesilo,,,21/09/2026 18:46
efc4fe28-65a0-43d9-8827-dc4e98e634fe,mutilation.melbourne,available,58,58,medium,low,10,namesilo,,,01/10/2026 20:52
89014a62-b01c-4417-a6d2-7ccb583d15a6,track.melbourne,available,58,58,high,medium,5,namesilo,,,24/09/2026 02:07
e3b2cfdb-e8cb-4f76-9bd5-10b2e25e1727,complaint.melbourne,available,44.98,53.98,high,low,9,namecheap,,,25/09/2026 07:37
1f994c24-092e-41bc-9225-7212c091bdf5,outdoor.melbourne,premium,905.78,905.78,high,low,7,namecheap,,,01/10/2026 02:25
6161ab9f-07e2-4f62-b3e7-c0ba6be03b25,twisting.melbourne,available,44.98,53.98,high,low,8,namecheap,,,11/09/2026 21:52
738f2eb7-4193-4b6f-9c34-2f46aa278d49,withering.melbourne,available,44.98,53.98,medium,low,9,namecheap,,,
ce9d8b4d-d031-427e-9951-3616dadc68bb,ablation.melbourne,available,58,58,medium,low,8,namesilo,,,16/09/2026 16:05
9c0b12ff-6110-49cc-8431-2a26fe8ac4f9,choc.melbourne,available,58,58,high,low,4,namesilo,,,29/09/2026 08:48
a4a3e760-28f3-468c-a5ef-0d091b1a7cda,delightful.melbourne,available,44.98,53.98,high,low,10,namecheap,,,24/09/2026 05:38
757fd5f8-0c5b-43d6-bd13-40ee85dc5b78,retentive.melbourne,available,44.98,53.98,medium,low,9,namecheap,,,09/09/2026 11:47
27d02b52-6192-4a46-a6ae-dcd9002a97ec,cumulous.melbourne,available,44.98,53.98,medium,low,8,namecheap,,,13/08/2026 10:30
802e9173-db27-4fff-9359-edeee3f6cda3,photographic.melbourne,available,44.98,53.98,high,low,12,namecheap,,,28/09/2026 21:08
c958b0c4-b7b8-4f12-8651-185286beaaf0,dodo.melbourne,available,44.98,53.98,high,high,4,namecheap,,,19/09/2026 18:36
9e5c36ca-a96a-4b25-9e2e-fb030d6423fc,perfectly.melbourne,available,58,58,high,low,9,namesilo,,,28/09/2026 11:37
2a3fad8c-ea35-467e-a6be-2e88019ef6aa,swelling.melbourne,available,58,58,high,low,8,namesilo,,,24/09/2026 11:05
57c7ea8a-1295-4e8b-958b-2e1f8932612d,valueable.melbourne,available,53.98,,medium,low,9,namecheap,,,
555272dd-acb9-4d6e-b831-f38e9f92d66f,yarn.melbourne,available,58,58,high,low,4,namesilo,,,29/09/2026 07:56
de23370a-247e-4cc5-beb7-b16e8c484413,multilane.melbourne,available,44.98,53.98,medium,low,9,namecheap,,,03/09/2026 10:43
4e2ef0cb-3b21-4d83-bfc3-f0f4f6b51d8e,municipal.melbourne,available,44.98,53.98,high,low,9,namecheap,,,03/09/2026 10:58
d6c96fb0-aa37-450f-bca1-a813a02e54b6,slavonic.melbourne,available,44.98,53.98,high,low,8,namecheap,,,10/09/2026 10:34
41c29174-059d-4f17-a1ad-bf901cc10cb9,noodle.melbourne,available,58,58,high,low,6,namesilo,,,24/09/2026 06:38
c6dc6e0f-038a-4a19-9202-da351d77e468,irritating.melbourne,available,44.98,53.98,medium,low,10,namecheap,,,
87a9129c-47b4-48eb-8d50-ae83f0e55957,evil.melbourne,available,58,58,high,medium,4,namesilo,,,24/09/2026 15:41
c41e1eba-31d5-48b1-85eb-764d6a2744d0,sabha.melbourne,available,40.12,40.12,medium,low,5,porkbun,,,29/09/2026 21:35
c576a694-f4fe-43c8-92e3-bdef7effe02f,trujillo.melbourne,available,44.98,53.98,medium,low,8,namecheap,,,28/09/2026 16:38
0436d7ba-a3b6-4a0d-93da-0d256ea5ee23,tidy.melbourne,available,44.98,53.98,high,low,4,namecheap,,,20/08/2026 16:42
8b58e945-4302-4abf-91c5-c94e939a33ad,sororal.melbourne,available,44.98,53.98,medium,low,7,namecheap,,,10/09/2026 08:56
cd6f0364-b4ea-4aea-8306-c1e6ebb4c712,aqualung.melbourne,available,58,58,medium,low,8,namesilo,,,19/09/2026 22:54
744f3c24-fb0f-4caa-a3f1-8252d96b9c5f,papery.melbourne,available,44.98,53.98,medium,low,6,namecheap,,,12/08/2026 02:43
8df211f2-aae8-4259-a9f9-7ee7c6f5a27c,choosy.melbourne,available,44.98,53.98,medium,low,6,namecheap,,,12/08/2026 06:53
00709281-8edc-44d3-bb74-424911165110,tiffany.melbourne,premium,84.5,84.5,high,low,7,porkbun,,,30/09/2026 02:10
75969c4a-d3a9-4199-995f-f6e84cf10394,bobtail.melbourne,available,44.98,53.98,high,low,7,namecheap,,,10/08/2026 16:39
bad86552-9103-4561-95eb-0cb150ca868d,baluster.melbourne,available,58,58,medium,low,8,namesilo,,,22/09/2026 00:22
4fafc2c1-99ff-4121-8142-75c888ae2806,presumption.melbourne,available,40.12,40.12,medium,low,11,porkbun,,,01/10/2026 15:05
ccd52449-8b2a-4356-b88d-3bc15f750284,asymmetric.melbourne,available,44.98,53.98,medium,low,10,namecheap,,,07/08/2026 10:25
79865ec9-a56d-44c8-aca2-0bf04dd7633e,alchemic.melbourne,available,44.98,53.98,medium,low,8,namecheap,,,
74a490b5-068c-4308-a759-c09ce13514a1,vivace.melbourne,available,44.98,53.98,high,low,6,namecheap,,,13/09/2026 06:22
fb98e772-7167-4396-9281-95730adcd2c1,comparing.melbourne,available,58,58,high,low,9,namesilo,,,24/09/2026 16:45
26b4868b-3825-4ea7-8d5a-c88afdd00ee8,chartless.melbourne,available,44.98,53.98,medium,low,9,namecheap,,,12/08/2026 02:52
5ab753b8-b4b9-4c18-9966-eb2e9e8ff6bc,teutonic.melbourne,available,44.98,53.98,medium,low,8,namecheap,,,11/09/2026 12:13
94d64bd6-cdd4-4bef-8ae3-d7feae73c10a,faye.melbourne,available,58,58,medium,low,4,namesilo,,,28/09/2026 13:31
b3b77b6c-a038-4cfd-9f74-f646cd0b94f6,leaflet.melbourne,available,58,58,high,low,7,namesilo,,,24/09/2026 07:08
f02067cd-d0d6-4cc2-b29c-53a394df0ff6,deprived.melbourne,available,44.98,53.98,medium,low,8,namecheap,,,14/08/2026 02:45
4913e962-e9ee-4e54-bd99-7cee4509595d,basketry.melbourne,available,58,58,medium,low,8,namesilo,,,22/09/2026 11:28
0a0370f7-89fc-4c26-8872-8be86c232feb,indonesians.melbourne,available,58,58,medium,low,11,namesilo,,,02/10/2026 02:56
2cfa1bbb-8830-47d0-8071-7c87443ed92c,bargee.melbourne,available,58,58,medium,low,6,namesilo,,,22/09/2026 05:47
b8a3721d-1354-465c-af81-0ca44cb6b8b2,agromania.melbourne,available,44.98,53.98,medium,low,9,namecheap,,,17/09/2026 19:38
5f59b732-5b18-4766-b05a-8e3937bd4d53,lighterman.melbourne,available,58,58,medium,low,10,namesilo,,,22/09/2026 05:46
89a42705-6f00-4db8-86b9-3fb330df6cc8,actinoid.melbourne,available,44.98,53.98,medium,low,8,namecheap,,,
99051ac3-4715-49cb-86f3-e155d4c75adc,mannerly.melbourne,available,44.98,53.98,medium,low,8,namecheap,,,24/08/2026 15:20
c9fa5284-851c-4ee0-b28c-05cc5fda13f4,comma.melbourne,available,58,58,high,low,5,namesilo,,,24/09/2026 16:27
f89f110e-b552-4e5b-9cce-f8b22b0a1edf,reacted.melbourne,available,44.98,53.98,medium,low,7,namecheap,,,20/09/2026 00:48
e30e13cb-e8e2-4739-b6c9-9b155144205c,robes.melbourne,available,40.12,40.12,medium,low,5,porkbun,,,29/09/2026 23:27
4ddfff39-a8bb-4310-81bf-d855e351ffe0,courting.melbourne,available,44.98,53.98,high,low,8,namecheap,,,30/09/2026 09:16
51ba82c3-0760-48b2-9947-405b8b36aa34,narrows.melbourne,available,58,58,medium,low,7,namesilo,,,30/09/2026 21:54
f2c96115-e834-4fa2-8333-f56d5dc68608,orthogonal.melbourne,available,44.98,53.98,high,low,10,namecheap,,,17/08/2026 19:23
1f52ae39-665f-49b7-8342-af699a84d03b,rest.melbourne,premium,182.78,182.78,high,low,4,namecheap,,,27/09/2026 12:11
06b2fa76-b68b-4cbf-a662-89ad36d0d2b9,hermetic.melbourne,available,44.98,53.98,medium,low,8,namecheap,,,21/08/2026 07:10
54986e76-6994-4d52-8910-aacc86c4dfad,greeting.melbourne,available,58,58,high,low,8,namesilo,,,28/09/2026 14:22
3ad05428-6cf3-447d-80a0-5103a9ac3ff9,denis.melbourne,available,58,58,high,low,5,namesilo,,,25/09/2026 15:03
44e9bd83-b9eb-4f00-92ca-5c8fd85deaf4,transient.melbourne,available,58,58,high,low,9,namesilo,,,24/09/2026 14:26
5f3df8ee-9547-45d6-a1b7-ebce50627528,playing.melbourne,available,58,58,high,low,7,namesilo,,,02/10/2026 00:28
719d961d-64cd-45b8-b47e-3f6ce58fbffa,dre.melbourne,premium,77.17,77.17,high,low,3,dynadot,,,29/09/2026 21:06
74f4c1ad-e0b5-4fe6-b9bd-14cee61d9421,pierre.melbourne,available,58,58,high,low,6,namesilo,,,24/09/2026 12:24
d3c7947e-5b0f-4431-836c-082f15c88b68,sectioned.melbourne,available,44.98,53.98,medium,low,9,namecheap,,,10/09/2026 01:20
5d9f49fc-befc-49e7-a0d1-a7b8982453ef,lungs.melbourne,available,58,58,medium,low,5,namesilo,,,27/09/2026 02:43
033cccb2-7e16-4a16-ba4c-bbc2bfc1a7d4,wonder.melbourne,available,58,58,high,medium,6,namesilo,,,29/09/2026 13:03
cc478d6e-c170-4ede-8d96-7e4108368755,extropic.melbourne,available,44.98,53.98,medium,low,8,namecheap,,,17/08/2026 19:38
9609a1e2-18a9-4f30-ab51-649818070989,restlessly.melbourne,available,44.98,53.98,medium,low,10,namecheap,,,15/09/2026 23:29
aee57ab3-ca2b-48e1-8363-8ec8caecdbb1,happily.melbourne,available,40.12,40.12,high,low,7,porkbun,,,28/09/2026 13:29
53f9d288-3ab6-4b80-ad14-9a4bd1fd0efe,lauderdale.melbourne,available,58,58,high,low,10,namesilo,,,30/09/2026 22:04
1f12461b-71db-424d-9fdf-70319321e2b7,lady.melbourne,premium,182.12,182.12,high,low,4,namecheap,,,29/09/2026 20:47
3843eba0-813b-4fe3-bca3-b2c21d5eb403,honorable.melbourne,available,44.98,53.98,high,low,9,namecheap,,,21/08/2026 13:21
012cdf5a-7b14-4cb2-aedd-9d85b0bf1f0f,vera.melbourne,premium,84.5,84.5,high,medium,4,porkbun,,,28/09/2026 07:03
67b782f0-bb38-441f-8900-d287d96a8e18,contacting.melbourne,available,40.12,40.12,medium,low,10,porkbun,,,01/10/2026 00:49
4692eb57-1405-4efd-b525-a0d3e13a2ce1,flexuous.melbourne,available,44.98,53.98,medium,low,8,namecheap,,,18/08/2026 08:08
06922d1e-0c48-4764-8b1f-61b6be74735d,keenness.melbourne,available,58,58,high,low,8,namesilo,,,21/09/2026 09:30
c5467a12-97e5-45c7-8db3-85abb5e65298,unshadowed.melbourne,available,44.98,53.98,low,low,10,namecheap,,,12/09/2026 19:29
846f2f24-abe4-46eb-8b62-c90c31d8f7e3,reliability.melbourne,available,42.2,42.2,high,low,11,dynadot,,,30/09/2026 20:40
8f758f5f-05c9-4649-aa9f-7c372d5a1c5c,passively.melbourne,available,44.98,53.98,medium,low,9,namecheap,,,15/09/2026 19:09
deda5f63-89d3-4661-93b5-bd45091fcafd,alive.melbourne,available,58,58,high,low,5,namesilo,,,22/09/2026 05:04
f956b99c-5505-4c9a-b4c1-fd875e4ac4cb,canteen.melbourne,available,58,58,high,low,7,namesilo,,,24/09/2026 12:09
0d0f3461-96be-4e76-bced-40bbdec5fb96,chords.melbourne,available,58,58,medium,low,6,namesilo,,,29/09/2026 16:32
e23e069d-4ece-48ef-ac21-2678bf28848a,servicing.melbourne,available,41.94,41.94,high,low,9,dynadot,,,01/10/2026 21:38
e4d72e68-7505-4261-8878-77a398952f95,baines.melbourne,available,58,58,medium,low,6,namesilo,,,30/09/2026 21:38
28608992-b588-411d-ade1-966c3bee512d,piracy.melbourne,available,41.94,41.94,high,low,6,dynadot,,,01/10/2026 01:12
2d5ee6ef-19c1-406d-b0bf-d8f6821de602,autolytic.melbourne,available,44.98,53.98,medium,low,9,namecheap,,,07/08/2026 20:42
c67a2086-6326-4590-a22a-ae12c3d6ad06,ostensibly.melbourne,available,44.98,53.98,medium,low,10,namecheap,,,13/09/2026 20:26
df27cdd1-1725-4832-ad89-1319fa70a9ff,dissolute.melbourne,available,84.99,84.99,medium,low,9,name.com,,,13/08/2026 20:19
05b6ea62-8cc6-476a-b931-cd7893818cdc,nca.melbourne,premium,76.39,76.39,high,low,3,dynadot,,,02/10/2026 00:32
39a607ec-51ae-4d1f-8baa-5f70f48ef8ed,irritated.melbourne,available,44.98,53.98,medium,low,9,namecheap,,,
10921be7-ebe5-4811-b96c-7e38f90a42aa,fourteen.melbourne,available,58,58,high,low,8,namesilo,,,21/09/2026 11:38
8dccde99-4a41-4908-aa8f-3ba3b706c318,donnelly.melbourne,available,58,58,medium,low,8,namesilo,,,27/09/2026 20:53
eb913721-8219-4c52-867a-fb389e5a84a6,practitioner.melbourne,available,58,58,high,low,12,namesilo,,,29/09/2026 14:23
29285b6b-cfe9-41b0-a120-3332bfccc86a,handshake.melbourne,available,58,58,high,low,9,namesilo,,,30/09/2026 09:59
a32b0584-63fc-474f-b505-46e4a25d4331,chandra.melbourne,available,58,58,medium,low,7,namesilo,,,28/09/2026 08:00
dbd92655-7dab-4ec5-ba65-f15197a7c595,balustrade.melbourne,available,58,58,high,low,10,namesilo,,,22/09/2026 00:29
5a964723-394f-4543-bc08-77b6c3fccc6b,bailment.melbourne,available,84.99,84.99,medium,low,8,name.com,,,21/09/2026 19:09
5a716344-8028-433e-841d-60441b56c8b0,pinky.melbourne,available,58,58,high,low,5,namesilo,,,30/09/2026 10:27
5261f68d-2a70-446e-87cc-30cc9da53f19,sixtieth.melbourne,available,44.98,53.98,medium,low,8,namecheap,,,
00118251-eb46-4da5-b70c-eb63ac92a0a0,line.melbourne,available,58,58,high,medium,4,namesilo,,,19/09/2026 05:36
268bb699-3fe6-4ce5-aef6-13f666a0429b,mobius.melbourne,available,58,58,high,low,6,namesilo,,,21/09/2026 03:47
edf55d8c-b07c-4af5-b464-c70a017c8d31,exe.melbourne,premium,84.5,84.5,high,low,3,porkbun,,,01/10/2026 06:45
27e840bf-322c-4716-ad82-f504dc8611bf,shang.melbourne,available,42.32,42.32,medium,low,5,dynadot,,,28/09/2026 20:25
899bfcfd-281e-407e-be4f-3138964a046c,okinawa.melbourne,available,40.12,40.12,high,low,7,porkbun,,,30/09/2026 10:39
1c71a95f-0eac-41f1-947b-abc888861918,pyemic.melbourne,available,44.98,53.98,high,medium,6,namecheap,,,09/09/2026 06:48
09cb36e1-882b-4663-9bd2-077d6eccf720,stringy.melbourne,available,44.98,53.98,high,medium,7,namecheap,,,10/09/2026 08:17
f6c7e14c-e65e-46bc-9a05-fed964a04e92,forever.melbourne,available,58,58,high,medium,7,namesilo,,,28/09/2026 14:47
925a0308-0b94-4986-9fd2-380ecc3d3214,remington.melbourne,available,44.98,53.98,high,low,9,namecheap,,,02/10/2026 03:00
3b476a88-8143-414b-b1c5-03dfbc088ec8,listen.melbourne,available,58,58,high,low,6,namesilo,,,29/09/2026 22:36
3757a92c-5b54-426c-89f4-d7dbdc913d61,clint.melbourne,available,58,58,high,low,5,namesilo,,,29/09/2026 15:00
18a0a79e-d811-4cdf-a960-7673d33166db,beckwith.melbourne,available,58,58,medium,low,8,namesilo,,,30/09/2026 04:37
1798dc0a-3ea6-4d04-b2a6-1d17d0912ac0,belch.melbourne,available,44.98,53.98,medium,low,5,namecheap,,,23/09/2026 04:34
455108ce-f076-4c86-8a47-f1e7dd090645,latish.melbourne,available,44.98,53.98,medium,low,6,namecheap,,,22/08/2026 20:43
6d4bedb0-59e4-4aad-a416-3484fa50adc5,monaghan.melbourne,available,42.36,42.36,medium,low,8,dynadot,,,29/09/2026 17:52
8dffe0f3-9753-468f-bb46-2241b1e3c6e4,engaged.melbourne,available,44.98,53.98,high,low,7,namecheap,,,10/08/2026 19:07
370c5380-cd7d-41fb-85ff-065007e00e56,natty.melbourne,available,84.99,84.99,medium,low,5,name.com,,,13/08/2026 17:29
35cc578c-19ba-4650-87bf-de7c45637c42,sally.melbourne,premium,77.09,77.09,high,low,5,dynadot,,,28/09/2026 20:21
d8b8045a-4133-423d-a8b4-98b62c5295b7,stilly.melbourne,available,44.98,53.98,low,low,6,namecheap,,,10/09/2026 20:35
e7a2db48-8f04-4c01-a7ad-aa15b7eca36b,bra.melbourne,premium,168.48,168.48,high,low,3,porkbun,,,29/09/2026 00:58
c53900b6-5ccb-4035-931d-7c93255e2854,xliv.melbourne,available,44.98,53.98,medium,low,4,namecheap,,,
84b267ad-27bf-4751-9513-cab4f446ded8,outgoing.melbourne,available,44.98,53.98,high,low,8,namecheap,,,18/08/2026 12:37
54ffd6b2-0bc8-4902-81f1-374396f9c824,seemly.melbourne,available,44.98,53.98,medium,low,6,namecheap,,,09/08/2026 06:27
b50c0c39-3c47-4864-803f-7e57dbe65fd8,below.melbourne,available,58,58,high,low,5,namesilo,,,24/09/2026 12:01
49568007-a714-4842-8605-89486b25096f,calcium.melbourne,available,58,58,high,low,7,namesilo,,,20/09/2026 22:32
d08e37f7-f8ae-41aa-8a78-c2229b1a7f4e,moor.melbourne,available,58,58,high,low,4,namesilo,,,01/10/2026 03:02
12731d17-76ee-470f-839c-bf8670bcece8,rebuff.melbourne,available,44.98,53.98,medium,low,6,namecheap,,,10/09/2026 10:49
ba234621-4d6a-40f1-bdec-11f96ca6aacc,magnolia.melbourne,premium,76.87,76.87,high,low,8,dynadot,,,30/09/2026 10:32
38ed2d82-52f6-4095-9647-c42e04e50b21,crosby.melbourne,available,58,58,high,low,6,namesilo,,,23/09/2026 17:15
4f48f2bc-9d14-4080-9f92-f3cb90577db3,prentice.melbourne,available,58,58,medium,low,8,namesilo,,,19/09/2026 22:19
3476f461-d381-485c-8068-ae93367942bc,scatter.melbourne,available,58,58,high,low,7,namesilo,,,29/09/2026 08:02
af1cc2c7-9501-4b26-a8a7-45a815378e97,echo.melbourne,available,58,58,high,medium,4,namesilo,,,29/09/2026 17:37
66703086-8272-4787-959e-f1e2b7accb1c,crate.melbourne,available,44.98,53.98,high,low,5,namecheap,,,24/09/2026 19:07
044de8cc-36e0-4407-8863-1ac24aa0b585,cca.melbourne,available,58,58,high,low,3,namesilo,,,29/09/2026 03:53
ead34c78-a0d3-471c-aba1-02c68ebde41e,trolley.melbourne,available,58,58,high,low,7,namesilo,,,29/09/2026 14:00
42296e4c-19ae-4ba6-8b9b-6b332a1f41a6,bypass.melbourne,available,40.12,40.12,medium,low,6,porkbun,,,30/09/2026 14:25
fb961c5c-bd67-49a8-b844-5b3e6b192e84,credibly.melbourne,available,44.98,53.98,medium,low,8,namecheap,,,14/09/2026 09:26
dec2bc8b-ce38-4541-9d97-d5a0d47b053e,shattuck.melbourne,available,40.12,40.12,high,low,8,porkbun,,,01/10/2026 23:38
ccd815e8-b922-4ec4-ad1b-a97a3c8f22eb,incipient.melbourne,available,44.98,53.98,medium,low,9,namecheap,,,22/08/2026 01:14
87756554-a731-49d7-9976-c399e0986e91,beda.melbourne,available,58,58,high,low,4,namesilo,,,21/09/2026 17:20
9e765544-3747-4151-a2db-b08300865491,unmade.melbourne,available,44.98,53.98,medium,low,6,namecheap,,,12/09/2026 15:15
589ce7e2-51dd-46ec-93f5-0710d2f5766f,commence.melbourne,available,44.98,53.98,high,low,8,namecheap,,,23/09/2026 02:22
3b83ce4f-7bb4-4529-8d29-f8b95ab3fd40,clannish.melbourne,available,44.98,53.98,medium,low,8,namecheap,,,12/08/2026 09:35
b13b4444-8785-495c-b1aa-5a9e5359fd96,ingram.melbourne,available,58,58,medium,low,6,namesilo,,,26/09/2026 03:39
5ae7a7e4-896f-4cea-8ff7-b7a8137788ba,means.melbourne,available,44.98,53.98,high,low,5,namecheap,,,30/09/2026 04:10
4324d484-f2b0-4310-89c5-5d08da1579f1,dollarfish.melbourne,available,44.98,53.98,medium,low,10,namecheap,,,20/09/2026 21:42
1a863855-9a45-4bf5-9a32-6299fa0320a6,aalborg.melbourne,available,58,58,medium,low,7,namesilo,,,16/09/2026 13:10
45747485-db63-443c-9598-6fd80702c019,stoic.melbourne,available,44.98,53.98,high,low,5,namecheap,,,10/09/2026 20:57
14fd53c8-09d4-4955-9f63-fe6778e9511e,continuing.melbourne,available,58,58,high,low,10,namesilo,,,23/09/2026 22:17
47cd4cab-365c-4ba9-acaa-f8bd37a81a43,aegean.melbourne,available,44.98,53.98,high,low,6,namecheap,,,
f5410303-79af-4f7a-9b16-0a6c1406dd4e,nlrb.melbourne,available,44.98,53.98,medium,low,4,namecheap,,,29/09/2026 13:32
e8037cce-0343-4461-8f76-a70f1bc207c2,merchants.melbourne,available,58,58,high,low,9,namesilo,,,18/09/2026 04:36
b2b36890-ad06-4873-b378-0e3859aa98c7,ambrosia.melbourne,available,58,58,high,low,8,namesilo,,,18/09/2026 17:26
bc0e4734-ad38-4a81-910a-600cef642bc2,unfold.melbourne,available,58,58,high,low,6,namesilo,,,30/09/2026 03:13
9c1bca60-0755-4978-a283-e85755fdceef,through.melbourne,available,58,58,high,low,7,namesilo,,,24/09/2026 11:40
54eb945b-1ece-4c03-bed2-a387ac98881e,hen.melbourne,available,58,58,high,low,3,namesilo,,,23/09/2026 13:44
9f502593-d0c2-48c9-8e8c-fe86a663a42d,achieving.melbourne,available,44.98,53.98,high,low,9,namecheap,,,30/09/2026 19:23
b2307652-8c1c-4862-b8bf-409202a585e6,munition.melbourne,available,58,58,medium,low,8,namesilo,,,20/09/2026 07:44
881d494b-21b8-4eef-8e25-052b8931ff68,involves.melbourne,available,58,58,medium,low,8,namesilo,,,19/09/2026 23:56
5943eb66-b0d6-4b6e-a4f7-4c9e8ddde241,polemical.melbourne,available,44.98,53.98,medium,low,9,namecheap,,,08/09/2026 22:53
f50041eb-34ef-414a-9688-efd60147430c,pantie.melbourne,available,44.98,53.98,medium,low,6,namecheap,,,09/09/2026 22:40
27edb92e-6aab-40d9-ac3a-1f6424c7bf83,albumen.melbourne,available,84.99,84.99,high,low,7,name.com,,,18/09/2026 03:31
ab83eefc-77f0-42bb-867f-aafae6546448,bangle.melbourne,available,84.99,84.99,high,low,6,name.com,,,22/09/2026 01:57
41289480-29cf-4550-b7d0-36dcac477f2e,ambiance.melbourne,available,58,58,high,low,8,namesilo,,,18/09/2026 16:40
107ef05e-b957-43c4-9ab4-56c457c9ecea,watercress.melbourne,available,44.98,53.98,medium,low,10,namecheap,,,13/08/2026 06:18
90e3871e-0923-4435-a6bb-9c7427bcd454,somerset.melbourne,available,44.98,53.98,high,low,8,namecheap,,,18/08/2026 08:27
605a2f07-7293-4558-9355-ed3cd9c98582,phyletic.melbourne,available,44.98,53.98,high,medium,8,namecheap,,,08/09/2026 19:22
32439f56-c31a-4415-9002-a27965764ce4,varying.melbourne,available,44.98,53.98,high,low,7,namecheap,,,13/09/2026 01:31
c8800f28-5b0c-4db5-b7d1-900232a8d3a9,inquire.melbourne,available,42.2,42.2,high,low,7,dynadot,,,30/09/2026 19:07
990da76e-45a1-4b05-804f-313c8cd5b9d9,permanently.melbourne,available,58,58,medium,low,11,namesilo,,,28/09/2026 07:19
6dcf2f2f-1c3e-437f-9bce-60079d00fc81,panipat.melbourne,available,44.98,53.98,medium,low,7,namecheap,,,22/09/2026 15:36
7c19af32-3c1c-42a8-8bf1-6f66979bef8c,believers.melbourne,available,42.2,42.2,high,low,9,dynadot,,,30/09/2026 13:58
11747d87-09c6-421e-ad96-116bcd8e7848,undertaken.melbourne,available,44.98,53.98,medium,low,10,namecheap,,,01/10/2026 13:36
fe9bdcb0-c519-45a9-80be-366ac85810b2,orthoptic.melbourne,available,44.98,53.98,medium,low,9,namecheap,,,04/09/2026 18:06
6ed2a727-2dce-4fd1-9d28-d649620eb8a0,feature.melbourne,available,42.2,42.2,high,low,7,dynadot,,,30/09/2026 13:50
c5f2ef35-51bd-4a0f-b3d9-2d6f2b85634a,lxi.melbourne,premium,58,58,medium,low,3,namesilo,,,
35df80f8-dab6-46b2-94e6-998e5794a428,inmate.melbourne,available,44.98,53.98,medium,low,6,namecheap,,,24/09/2026 18:00
063a85bc-bb33-4ce2-b812-8401485eb36b,chosen.melbourne,available,44.98,53.98,high,low,6,namecheap,,,16/08/2026 02:32
8768446a-80b4-4e4e-9df9-0713011dd7f8,tropically.melbourne,available,58,58,medium,low,10,namesilo,,,16/09/2026 09:33
cf423f7a-d050-42a3-b5b0-759b94b10cbb,heather.melbourne,premium,77.09,77.09,high,low,7,dynadot,,,28/09/2026 05:22
a8db165c-73a1-4041-be35-ca162f0405de,navigator.melbourne,available,44.98,53.98,high,medium,9,namecheap,,,28/09/2026 19:58
d9baa08b-716b-4d5a-b162-82c96ee71a16,text.melbourne,available,58,58,high,medium,4,namesilo,,,28/09/2026 02:24
a17cd322-a6fb-4e37-85de-5230f3199762,verify.melbourne,available,58,58,high,medium,6,namesilo,,,30/09/2026 12:41
2bc3444e-7714-4ce4-9bbe-8f5e3f45cf7e,meredith.melbourne,premium,91.35,91.35,high,low,8,namecheap,,,25/09/2026 06:29
a5d7ae4d-2cd2-4d1a-b60e-9f5ef91c54d4,utterly.melbourne,available,44.98,53.98,medium,low,7,namecheap,,,28/09/2026 11:39
c6744642-2030-47b1-902a-1189483f4510,ceylonese.melbourne,available,44.98,53.98,high,low,9,namecheap,,,12/08/2026 01:10
39f04eb3-2895-41e4-b13f-8c011075447a,flaky.melbourne,available,44.98,53.98,high,low,5,namecheap,,,10/08/2026 10:06
789b696f-3551-4bd0-9b83-d311a7c03a03,discal.melbourne,available,58,58,medium,low,6,namesilo,,,30/09/2026 04:23
94d2c397-4203-42bd-b163-f8a45307f1a2,carmen.melbourne,available,58,58,high,low,6,namesilo,,,27/09/2026 01:37
0560cc26-8c2c-44fa-a81c-e9d8e753a88d,convict.melbourne,available,44.98,53.98,high,low,7,namecheap,,,24/09/2026 17:58
620ea810-d899-4adc-b123-26fe0296c83a,bedamn.melbourne,available,84.99,84.99,medium,low,6,name.com,,,13/08/2026 16:21
1975b073-a9ae-4769-a82f-82d315cd6a61,hudson.melbourne,available,58,58,high,medium,6,namesilo,,,27/09/2026 04:25
1035b5d0-e7a2-4d9b-a091-20388d110dd2,occasionally.melbourne,available,58,58,medium,low,12,namesilo,,,27/09/2026 17:20
05e3a5a3-3be4-43e4-8e9b-dd1b0a865086,nui.melbourne,available,58,58,high,low,3,namesilo,,,01/10/2026 23:21
a220cc34-6cc1-4608-a751-e64ea858a8c0,belau.melbourne,available,84.99,84.99,medium,low,5,name.com,,,23/09/2026 04:30
7e653ef4-a87e-4d02-8773-846ffd3f14c9,mackie.melbourne,available,58,58,medium,low,6,namesilo,,,30/09/2026 05:44
553beb27-31c3-4cb6-9701-228067720c23,helicopters.melbourne,premium,385.49,385.49,low,low,11,dynadot,,,28/09/2026 18:00
e9ee65b9-a90e-43e7-8916-a75440e9ebc8,album.melbourne,available,44.98,53.98,high,low,5,namecheap,,,28/09/2026 20:08
484abfb8-581f-495c-ad26-66263e2c1454,wilted.melbourne,available,44.98,53.98,medium,low,6,namecheap,,,23/08/2026 13:24
62493258-863b-48dd-9ef8-7f0b6fdcf6e8,foresight.melbourne,available,58,58,high,low,9,namesilo,,,01/10/2026 02:12
2b78b3ee-9fad-4afe-862a-c8b70cfead36,quizzical.melbourne,available,44.98,53.98,medium,low,9,namecheap,,,09/09/2026 08:39
8fba5b2d-9d73-407d-897d-7c8238e5e3e2,desalination.melbourne,available,40.12,40.12,high,low,12,porkbun,,,30/09/2026 06:33
9e43675b-d901-4d76-a128-cd45295d08c2,stradivari.melbourne,available,58,58,medium,low,10,namesilo,,,19/09/2026 15:41
e32e81fd-e541-4f6c-8132-9e527228d0c7,soluble.melbourne,available,44.98,53.98,medium,low,7,namecheap,,,10/09/2026 13:45
96ff091a-135b-415b-8aa1-cc5ad5613eff,honestly.melbourne,available,44.98,53.98,high,low,8,namecheap,,,
c4516611-8945-4291-aadb-f85d54c74621,advice.melbourne,available,44.98,53.98,high,low,6,namecheap,,,28/09/2026 19:02
dc7f0bca-1a0c-4111-a8ce-504bada8f032,pickens.melbourne,available,58,58,medium,low,7,namesilo,,,29/09/2026 10:02
093b0fbf-27ae-4171-b5d2-3fcbb8176974,jonesboro.melbourne,available,44.98,53.98,medium,low,9,namecheap,,,01/10/2026 02:47
0017e5d8-29e1-43bd-a841-405effab69a1,acc.melbourne,premium,185.43,185.43,high,low,3,namecheap,,,16/09/2026 21:45
81c9fb5a-5b61-4857-977b-10ae5f5a1bb9,bailiff.melbourne,available,84.99,84.99,medium,low,7,name.com,,,21/09/2026 19:06
1769b5f2-5844-4838-91fc-7a8006417f70,alright.melbourne,available,58,58,high,low,7,namesilo,,,22/09/2026 01:15
f3cb0072-5536-432a-bb0f-4f7c0ba10b00,satellites.melbourne,available,53.98,,medium,low,10,namecheap,,,
38c422d7-0c32-4da6-99d9-613b56c4abef,fairbanks.melbourne,available,76.99,76.99,high,low,9,godaddy,,,30/09/2026 01:22
0271d265-8213-474d-8b9f-35d746289fcd,assignee.melbourne,available,84.99,84.99,high,low,8,name.com,,,20/09/2026 16:23
5da4704e-df1a-4607-a3bc-aec978854349,porkfish.melbourne,available,58,58,medium,low,8,namesilo,,,19/09/2026 09:38
14dff868-01ba-4a0f-bc91-85630eeb5c8e,sitcom.melbourne,available,58,58,high,low,6,namesilo,,,01/10/2026 21:43
40633630-e2d8-429f-ad9e-be7291c8da70,imitation.melbourne,available,44.98,53.98,high,low,9,namecheap,,,18/08/2026 00:14
379df74d-a5e4-4d9d-bd80-7126cdda1a28,analects.melbourne,available,58,58,medium,low,8,namesilo,,,19/09/2026 01:48
0a28cf4a-5276-498b-b595-e428c13d9043,airmailer.melbourne,available,58,58,medium,low,9,namesilo,,,17/09/2026 23:15
54893728-d553-4e80-9e7a-910d53256cdb,nonesuch.melbourne,available,44.98,53.98,medium,low,8,namecheap,,,03/09/2026 20:13
4e1041e5-beb7-4b1e-a042-c8d521d4ff1a,inspector.melbourne,available,58,58,high,low,9,namesilo,,,25/09/2026 07:48
7032919e-35d6-4ac6-af3b-eaa066b4e6e2,shambolic.melbourne,available,44.98,53.98,medium,low,9,namecheap,,,10/09/2026 05:51
e1ebf250-abcd-44a5-aab3-2da78a7132de,swop.melbourne,available,44.98,53.98,high,low,4,namecheap,,,22/09/2026 08:57
72938efe-2688-4fac-a451-d1ada6369348,reticently.melbourne,available,44.98,53.98,medium,low,10,namecheap,,,15/09/2026 23:31
80c9d5b7-ae7e-4cff-b09c-19b8b02ab7a9,nucleate.melbourne,available,44.98,53.98,medium,low,8,namecheap,,,03/09/2026 22:24
14147239-1266-472d-86a2-fb5118adb4a2,dirty.melbourne,available,58,58,high,low,5,namesilo,,,23/09/2026 21:45
99574c26-b37a-4288-958a-c1fc6de8372c,chips.melbourne,available,58,58,high,low,5,namesilo,,,29/09/2026 08:44
36766af3-30af-400e-ada7-690faf3aa1ca,soporific.melbourne,available,44.98,53.98,medium,low,9,namecheap,,,21/08/2026 16:58
a784038f-bcb3-4660-93b4-1634b3fd5c05,amulet.melbourne,available,44.98,53.98,high,low,6,namecheap,,,19/09/2026 00:10
405704fa-c618-4334-b458-83772a8ca4f7,case.melbourne,available,58,58,high,low,4,namesilo,,,29/09/2026 07:33